rn,total_checkins
bo3z3-WUNblcRKRrWqeTAg,899.0
I5YF1kl3LCVM6nDeP8rUzQ,17.0
GYMP2opfj0-dAf_3rWZEjA,2.0
WEs9MN1M6tixwEz844jCUw,0.0
YFO5rDWDZ7Ngk_DEobjpLw,0.0
dQwjYLmQXb06CpMPIpm5-g,163.0
cIoB6iinl48KDGCVwtCHoA,0.0
fihcqcjpMWTSGiR_dWLOcw,382.0
4IdcT63iE5fNrVzayZtKEw,58.0
CxV9DJCxc04_xkDRSrfgFA,2.0
jXo3-D3fCzaQzLE0NRZlZw,3.0
USRXU4ASBAFSKhlk-KVrCw,60.0
CZ1NjI_Kyg_V3ol3se2fQg,134.0
UEpKf4g8oaAIr0ZIM0TXgw,14.0
vJOwJQF4sDqBbecUK4cVRg,0.0
7oS4RyfwnQ3n9fARzjsNNg,0.0
0xUKfmnzPSl8HQz-K_-0Ew,236.0
sYMAijY2oRrd71KRHKoIDA,0.0
Pawavw9U8rjxWVPU-RB7LA,9.0
3Esl4FVI9Rzl_KSmIiMgaw,0.0
G5rqI8RjYa5Jkoo1lYbdPw,0.0
3z6gQVDbWuykm-a8R1YyJg,4.0
u_ZGUzNkGppD0-WR61bd1A,2.0
E_tvJL3lfmCTWAcq2js8Kw,14.0
IoPSrK19Xd9FG_Q0x_CcLQ,0.0
soQEl35sQuARBOlH1Y6MaQ,0.0
sOXRk5TkFrz3pKzUYF1EEw,0.0
wlUiXdH1Cfj4do5kNxrOtw,2.0
xqVeSoyuWsKhQpWZjwiYSA,0.0
jhNV1xO2q1_61REv2YQAtg,0.0
3bM9rmjbaLOrlS--dRzZAw,0.0
7fiRVsawDX0vCpoMTbbxcQ,0.0
qwkzD5_OjQ2eYv0EIKxV_g,0.0
riXr33UJRQXVMKJcNZPqqw,0.0
jjBTBObnHrY87qQIMybjzQ,3.0
aURWnSm0BrHhp-0DSXFJww,0.0
l_MAsRrpzf2sXPykr9DyxQ,13.0
ZNB91myFoOYgyXoG5LQeGQ,3.0
7toYPf5ZAjCkEuwaMPtDwQ,12.0
lJi_YNH86EHX4WctntU7Tg,3.0
4TFm4xk1y3lSeInw0r0ALA,0.0
1zI3trw5QLNdypXBfudh0w,6.0
hh6OnxhTmfoyLo4prSNwBQ,0.0
ATrQfex3fY79YxWw2gsD-g,0.0
y_Xi2V_0lGbCkRuiXLHUFA,0.0
dcytjy24XmYrLtjTjgyEZA,0.0
RahdAQ5h6_nu50jeR2EKTQ,0.0
CuIPocteo1F3LEn1OqUoHg,5.0
pw5B6BKQ4dWPzKesqn01NA,0.0
tCVma1LcSnLWBRqJoTom5g,1.0
h0r1AJiTJUP_W8qxeRBlYA,252.0
oK_uwtOectm906rpUtHiug,0.0
2hJNAFFy2qOqmIIKFjcw9w,0.0
GVTL5nxjlhzdXJMy4-4HBA,0.0
sGLdSwi3zKNM3c3f5Ep8jw,1.0
QQSlx-l_cfwkVrNwjV_HgQ,12.0
mqiHZYNXnMLaEK87JZOzmA,3.0
-UjCvAsvBOr19y8lqPueiQ,8.0
A-IqLvBfU5Gr_b9HVLETTw,15.0
dyaSQBKagPYylOJxsU8CMA,0.0
o47aY911-1rK9tHeXOWxFg,37.0
uNMQV-r1nO5dfGSGnVTFUA,0.0
Ef9crW61OYp2UJ0ysi3nEw,0.0
OohsWZ3A0bo8y6N6vi6ePA,0.0
O5MzWfMWDeEwkzNVeKdCfg,5.0
6_2fCtQLEVXJgbKLnTZaXg,0.0
q4P3WHwC0lFafwvTlkKMIw,0.0
rWBCnU-LM3IZq_xdm18PvQ,7.0
Mrh6EoDcsDWmvWBPmK7ncw,4.0
tBecXDdDmboDVwUu4kmOiA,1.0
fCkvpPqOziXHHu-f8tbeZw,0.0
lTG46zyVkZOk6RAR17kqQQ,7.0
7LlND5b0bjWylNBNQ-oZMA,0.0
lK_iVjCur58if_XcbENGqg,67.0
eVyEkAUx0BIFf_c1MVeUhw,0.0
RhnBoOv61mYYtNKatNYgEQ,2.0
vG8Dx3_Vh_WlsZlUZiAa5A,52.0
v_gCDktW0mMf7pf-jktKzw,461.0
wHlLjTBWPEbxHw6ZysSKIg,370.0
CaMwTEn92eJ1T2Zfr1xcnA,9.0
WthUXmfVevQPMZ_LB2-q-A,307.0
N7Gg7XElIaB45CJbkhDuDA,5.0
vA2aKRFspZWyxSlk0jNgbA,2.0
vWCQyLsW7BujxQUlljOpgQ,0.0
N0L1C5K9ViBD58vig5sahw,0.0
cWsgD-u_TvTohsx6LSi9aQ,31.0
PN6YCsAdFHcHST9vPaxIuw,0.0
FI1JaVkuiZdb23Ds-mpBeg,17.0
odfX0wO7fOyqa8oobxh96w,3.0
rEuSmPPblKIcOzazlBwTcw,51.0
QzDYO-lJhX-wh74z6ajI4g,2.0
SY7ZyPxidnToTEFbJBleOg,276.0
i17-RGooGWIad0y5YtaBtQ,4.0
wXNHLkDkh0HKGJeYVnpafQ,24.0
QCZwZLYHkTyYQDr6jdjKjA,7.0
oXFRaSgcT9GwCWfC9lf8dg,12.0
I_vzg2V92U7wdD61tvGtpg,0.0
EhlOUjd2dh52SV_XfoORSA,22.0
tyCIs0pyyw36apAXdR26WQ,1.0
0vAHRd4Xlsdx3fHV8JCRBQ,24.0
vLxpEHKZFzv8LYY5eeGjTg,0.0
_VYUU5HPLYasd-xdKLimNA,0.0
Z5NhdlLCu--leud_OLcvIA,0.0
5E37qENVklkwAMHmIwc_IA,14.0
lSxAQR1FeSljX9zeVJTEWA,0.0
f4Fwv8ClqR35p5chZWKSLQ,0.0
wA2xaBsT8d2opW_jYe1XLA,2.0
SvkZohb7zezIqef6oE14rA,0.0
Zs-Gk02SPk_CU7NgMAVTJw,38.0
IbE1cc06F4Vqq-H8RP-RoA,0.0
aS4t4ee3xqQXgNHNxi9gAA,6.0
SpCVf25ya5jsHItdkpBpUg,26.0
imBVeP4aA-aLTdPD-t8_WQ,2.0
sPd3E7lFzd_yooiq-ekxtQ,54.0
6_7_aSycZlRsfKENFiIi6g,6.0
5Y-p9QJLrg2P0I8RjJ9TTQ,0.0
2p5J9bc0acslM4XBNcXAJQ,0.0
UzSXgaJjOrtdWATtzgPWqQ,4.0
Qn2uD06olrxL_43_4G_Hqg,0.0
r5qUfdiSL2_hHfdqXBJAMA,28.0
TvhpG74DvdoF4MA0vLlOLw,4.0
GfYzz2Dnnn0CqeDqROAKTQ,1.0
NNiKmCGL1USfihxT7uAcjw,154.0
5dSsBYJiMujrd8uJuVcJhA,818.0
3buPFDqdstemNGAGHDWPaw,11.0
ybbtuwtS5S6Q5-3Up0jG2Q,30.0
uD5fTga5_jVLx8IdKHBbgg,12.0
xFSCaBlcnDXSGFPUtYtuXA,69.0
3Ui-76sC9_fNs2gu8ISAMw,581.0
Nx_08EV_upf87T566h_Pvw,46.0
nLmgrCtMOkenVoJm2n8O4g,236.0
-J6xWAvDJJW4zb7J9YpYOA,0.0
F1tOtPzcsQk8PqNOatVsCg,0.0
On5sceeptZSlLeGWDDGiwQ,4.0
WLCdg4ib7-_7b8epoXRjAw,69.0
xgZMO4BHn1TCn7hZ62SaiA,20.0
MV9fUwgI2AQa4uZArynRlA,151.0
ZlrHrg7jrbO6blqwfa0MkQ,218.0
XXm8lwYNH9gQpKq1Xek_YQ,3.0
5G0cEcOxAwoPOhGV_B5VlA,0.0
RCSuvvhuPO-hozONvzC_4A,5.0
odtLH4HI7i0TSbybja6qrQ,2.0
ZhdbnIScQfeYh9upMbK0lQ,0.0
wDfz8ap9xWzj46mtNDcT9A,226.0
oMgO5GzgaJ7iyzZ5_w70hQ,311.0
OiutT-PHcZd6y2cEJ_yEVw,16.0
a0Jm-rlHOKk_1fm4hzxskg,213.0
LxgronMsFYjxIfRojmVdYw,0.0
9Ioq8wnP0H2PhajGW1jXzw,45.0
sF6_xqqJDm6QHNNK_ACd-A,314.0
DXCho3TSX6qKsRoEjGoGJg,187.0
7GcikclqpUSuYisMdgHvGQ,392.0
tLSgXuy0g8nxX6Xgb7nvrw,62.0
cny7n93eJH7MskcnT8nabw,0.0
YWm5z2mu-C-pUuL86fcFxQ,14.0
zcfmbmOEX83YL04f9_Y0BA,23.0
CzUUmNWYINyh4y0_7_elpA,0.0
BZ8nUf9R4sa1S-9sU6AjRg,19.0
IWNbZymAICpqSgBvl2EVzg,360.0
24fW-8hK0hs5KvEYWwWNDw,19.0
MR8VDdN8PclEFt4BpBO3bw,323.0
f-Nk4rNCmJhYom1_6RdWqg,3.0
c7ZTyqSG4v4ZVwK3vuDklQ,241.0
Gi48Z9ZPlEUgQU1xo_7Hjw,123.0
XAgJSBOBGw4_qqRsO60CNQ,442.0
8gVq0xCXVeAAS3-nsifAgQ,3.0
x8h3A9dOKux99qAp6Bakbg,0.0
4tZHw6ZAjEuqTBtU1C6-ZA,4.0
ZjMNad9hCvBJficJA0bFRQ,1.0
BtwsfkMVwm5criRwpUAOJQ,24.0
9ySFD8tMkeuTclyWfanI9w,0.0
YxbldvyQGgGDTO9usRHe8w,0.0
1lujZNJqP5s966L0PRmRrg,4.0
dpblBM884TnUQQ5xusFMlg,3.0
TTVXY5vOJDqC0_Je8UhK8A,1.0
xkdgCrkgfbI80Htst6-Lbw,59.0
-R_dMb9Z1eBv_FlYZrrKbw,0.0
LDxapKCuUbH-G24O4vjD7g,3.0
bLh4ysq5RsbzCNSjqHhwyw,35.0
-_AIYUuchxDMe7fUCxtxMw,53.0
Tiy_skxHMvNCpyzAIqv6qA,130.0
ffUCy7Gd8Gr28oK5mHOjsw,0.0
VSu7GYn-Zln5TLZh_fMtvQ,11.0
nksNl3FSAahVMbE5z0wnRQ,5.0
e-finkL51hroOJ0GZ8jcXA,2.0
MmilEd3oPSD2n6jvBnxd_Q,4.0
hBNWISOVQ_4c7yzQG-g57Q,0.0
8Do8TCvBlRLxCIoBYoL4rw,0.0
Z8SXv1u_6rKicQy9P7G6fw,75.0
dTtMrvC0UoDV-3-8diJYLw,93.0
LG6vpg5Qx_DstY2aT8-O4Q,10.0
ovAZCKULbgEE6BgGlAQp7g,203.0
vUhxuFgKCZn6cTZePbhd6g,1229.0
AcW_Km7jkGBr4rJdIrIP4w,18.0
wpJcD0Qv-q4ShVJYH0hMLw,5.0
5aWjeN0j0u6wFn6ZsHnEvg,168.0
GJcodz8-2m7_BWzUfqlccw,0.0
hbXM32Np33qJYmx8HUtXXw,1.0
-ZaQKvtRGQA-4FoUE_1s4w,0.0
v14P9-vB1yjxFfFEYEWudw,1916.0
NvyjzqSF55Ghe3GrIIYEcw,354.0
38aN0fB_zHtkw1kb3lSj8g,101.0
0PJQ-WR-S286xH6m2RWeQw,767.0
mbfu9ag4VQYIi6dvhCX2dQ,1.0
5fmhGouEy_7WLloRyXRyUg,11.0
98gLNkYYJCg4f_uJ7o2wBg,12.0
7OKQ4ENVfPfxtDqFOG7x0g,1.0
by7BOr074_BKz7hkRIi9WQ,4.0
2d9yZ11uVa83OEQWxe4vlQ,14.0
QnJmteSnJgEc7PfJ45imOg,0.0
3v1c2BsFFcWlpV3S3LS8dA,40.0
GvBGYrTb6HKMA50TuVQztA,21.0
0fkjHTNaMCT4FjZqaa4euA,17.0
tpB9UQNi4xaec7jdZqh9cg,15.0
wGPZCNenq5HYb50Ip9NXAw,0.0
prZHC3I8JUI98n9iJVvDbw,462.0
v1G_bioP6POazUyQwHcz7Q,0.0
n5wZxYrle8ROuK-Saq-yyw,89.0
l_pR3x7v2mvE3luVdmGuoQ,92.0
a3ZqjElMgAe924sbXZVcvA,8.0
6a4-SPP4QJbJuHoMhPKnVQ,7.0
izOvku5li7kyzY76UzLP2g,2.0
IfHkboQZGPZkKpqHZCW4ag,175.0
jCf84-Amxm91rbNAOJtAcg,25.0
BIqsItY0vyOshMpJ0I4cPg,351.0
Qq0rSY7QhCJiLUEkx0JTrA,168.0
T6qjr_kZSH8GECSoMbx8sQ,89.0
4y8LLc9tuxqKhDSeRDUTDA,364.0
z5y2HCST-6ME_mrlpXG0UA,197.0
HVdeAldgSNW2P1zZJ1TnWw,0.0
77UgkEWSP39EHE8B_41hPA,1.0
5qtc1s-TKdgzPccKwY4SRw,4.0
drEybjNyjXIG-qvOisPEMA,7.0
LbeJgPgKKHw5qH0f02NHEQ,147.0
ndq4rJcFLMbMGU_gK5u79Q,6.0
ZYof0WYlilJ3pgWNSgmYKQ,71.0
zb6RpofFD-rmpXqHVdXZbQ,13.0
BY1_pf7FHUycHOwYEenDlQ,6.0
qa6aqyXmFsOMLt___P6wLQ,4.0
5dFz332M4vPK9k5gbx90aQ,0.0
3MntE_HWbNNoyiLGxywjYA,24.0
nNz_7luh2aD1_U9N3tJUMA,11.0
xUsLyzWQId6nXwNDVq08qQ,2.0
pzy9xWQqsDxVU6j9MktRJg,382.0
KzLjbXEDH1e1WrfzrrzZKw,17.0
aHVhlCvmlNnnPf-LgclNNA,19.0
-fTO9qRo70bblJmbNxOnag,5.0
JUiIEt5wW7ImwOdpEc-r0Q,0.0
yOBDY3fpaTpX4Q5JpmExMg,156.0
njmcKc7_7evWjUcrutdRkg,0.0
N9JASBwB9kWtK0_EjTa1nw,2.0
-qWLEeASD3h1gl9qLipWEQ,0.0
TsCq0UqOrKJ_ZJx7KKwKkA,9.0
ujYrcaXEbxj3KH9r0-FgWg,2.0
0iJcWcDjaC4CVpR0uQFe5Q,6.0
S7FgGl3c4hkRFQKMjLt-Og,2.0
y90JVPFQ_TWGQaBhHtSm3w,423.0
a5xUI7TvsNhM5gZr6KowDg,113.0
67FzueRMlcTQV3Nuep2qPw,12.0
jUxLgiiYKnsM238eUZUqlA,44.0
B3H60GaBic12F4VLBi7-9A,6.0
9h2W6JBWILS_RwlpIBSEig,192.0
go623pgRx2nfIpsV4ePHXg,5.0
NxHLCT3PuylmuEDOsZfxWg,1.0
QnD4hpjwW8QySEh2R_UHpQ,1.0
3R28YY7Jw_EJs0-X8qDArw,13.0
2DO-8SvPvx1rACloHiD9Mw,5.0
kPr9rYEkGwbRLgUHvKljQQ,1104.0
_2O4E4qEnfSKWGnopxRxtQ,2.0
SBPttAVjzEnN3VE6sKiaMg,19.0
XCZQdoMRFnjmmB6xPvx1qw,31.0
9-yw7Dh6fMl-Wgnq0vD9sQ,228.0
9Zhiktm7_LYN_uxaT9XEhg,12.0
hpqfvUCTTstmCFoUg7q_pw,0.0
wEisic-u9Yj543iYzfpAhw,186.0
b8u5AasAkEcqTwKlSjcHIw,2.0
S3-JpB5dBhMXmauMqeoN-g,353.0
_n7WS5jqFs89WHOINineqg,76.0
cPfnF9PAvVjamEdZM3wTzA,1.0
lXrsrmIcbOstYC2vtip8ZA,103.0
GaOI1biRNa2gJIdM_SED5w,69.0
IpH4Ngf30TLTBljWvOOt7A,202.0
H8NK_pWGq4i3L92ZpaUaGg,0.0
F4_J5hOJO3wIP4UozaL4Bw,188.0
3fblSVANhY1YGnwGstRL8w,420.0
ydUqgWsF3F27TbauOyib0w,36.0
ESa_7bd1x9sD-Nd_gH0Xrg,36.0
KxqAQ-CJcAPDTJbrnQUTfg,37.0
8PNXDkWz3hyZFi7E4tYhjw,56.0
tnRZmWnVnq25S0Hd4h-L_A,1.0
pUmECN5N94AQAe0DtptuYA,31.0
L_X5eAd4moE40AsX6Havhg,127.0
YaGkCO51sV6MLavJ3XUmWw,0.0
BShmKdQIkKmB89fmvOe9Nw,0.0
Eqd5QGaW7_C-qHNGzs1uUg,263.0
fjJa1py5jnLAUJDOrHhu8Q,7.0
uwxj0XXWOvm8xdhZ-33Vlw,112.0
JQWIZ8MT-VGZzO5W5XCB5Q,109.0
IusBltP6n8tGKm3LU0TRtQ,43.0
kKDC53Ru4f0of1oF--4wbA,0.0
44IAhkyHsBGMrggWm1HICw,0.0
6_YR7epdhDWU_E5Hj4nZrA,0.0
SVYcZ8PpxvNYirHmFa6gWg,0.0
Lku_keJf44D0LxbRAIZOcg,34.0
-pL4Id5cuz2yC2UKi2Yq9A,202.0
A4uc3-zbHowQeR_u-7VNOw,0.0
FnTbrBUCuaSOlWnovTgMjg,11.0
rvsye09KiUNW_Xa3mygo3Q,3.0
paNjgpMDRhNzBj6xzhHPVQ,88.0
kOUnvmGamiw90BfmthoQGg,103.0
PpyM9QsDbpx4mOaUeOll4w,289.0
Es-MfCr79uHI-CSrzkea-w,39.0
ceuvH6NpDhpT1p4q1w93pA,195.0
ifS_MYR01fLB0aRw0AQy5Q,7.0
9w18Hgg_UmI18YyVTP_E3Q,55.0
pOwziZ1OSMO7KYiIPJA2Zw,12.0
09rrBZxweCdx25dVoqEasg,0.0
FB2iUwS4-LMLBQVyLZmZfQ,161.0
4LAtkaAPEnWSdWbTi0kHJw,0.0
t-rivl_ISXvrh829BkRFKg,57.0
ZAcldWPPzu-vMoJShkEv2Q,23.0
NMw6zTXoZDEzNchVIfL1pQ,202.0
__eb2f_wEBrEl0xCyLqDeQ,0.0
B60N0Fku2lkuQpTJ6t-E7Q,0.0
ysa5MEfWqybujFjsiXq7Lg,3.0
BJwBqOe8poLbpaC3gyj6yQ,205.0
ZPWEawq1b37IcMFH9zA-_w,87.0
D3IfloYiVWl-WKnk7msdAA,1.0
sH3UsolKjik01u0HlQ9_0Q,1541.0
EaIho6EvTuODNHPLO98yeQ,235.0
gZByUgIJsYIcZCGs--4Zhw,69.0
4BEl7jCbias-xEr-LrA1qw,415.0
3jlyMZjr7tQwXnoOsN_lQQ,0.0
-fX1N-Pg_kxa7KK6gCv8Ag,13.0
gqo-fkQyjs4ojJnDIsJyiQ,563.0
a_ozcQNKgUOW4Lr0NQq4qg,330.0
1hceMTsoDKL40bgIqp1xkg,109.0
9_A_ka0LR0xr0EDb_nc-gg,52.0
qaJ-HewyVAQCQ8C_KveZ4g,198.0
cabOEjEmUdFjDwe67HpXkA,101.0
a9vzUNNZS6Z75ONo_p-WaA,37.0
lptw12m0hIetAaRc6mdmAA,35.0
UFVy-8WC7pDzvBUzOvdwzA,220.0
j3SHAiF8OIlY3kUPnAAlKw,314.0
qmd7qiygopG67rxb_3190A,0.0
Mi1IdbjqjGoYK09oDu8JVw,0.0
j3lG-ZqQXUQl-ImNcWHbVQ,8.0
lWrgqhLk__ALVurHuJqcUw,27.0
Il6PvYFjolMt-6wahwarkA,1.0
ViqaAee3jNQkMNlu5FEHMQ,2.0
Yc5_nA9NqqxOp8WCugF-Ng,127.0
8yEFijvcNQ9JIGVWc3EgUw,1398.0
O2opXFPnTG-Pxa_u-3w66A,165.0
I5cGJJw5-VXJtxO58WfuLA,2.0
BaHMCHFuuVpVUV_wOInnOA,40.0
wC-wLFVCIjXArsrMuUJdYQ,56.0
e3dbqeMI4k1Jl2VBCq9rNw,5.0
5UkvIlQLgEkHg9fCI1yUmw,1.0
KljAJzE4WuV1ay503jjP6w,3.0
Oi-u4KqrcZbIWSYKnh7mJA,93.0
R8U89M5NjaL9wf-6k4H1xQ,22.0
90eu_fBWXfcRehAJVfsOIg,1.0
chBeDQdaZgrb8iOzqgeCDA,54.0
-LAiusd8GnWFR8atxbT-Vw,29.0
7TUhNJn9fiaQ6x1YdMt0fQ,493.0
xRI-wLujxqL4KzCdO3yTgA,495.0
rjKMTKPsjYw4RtiMpHquJA,1.0
x0nPQOsfh_fy43-M-iCbRA,0.0
B1sevFEjgsKPvkTz10ESJw,40.0
MKd_EUD0PG__cOfIbeqYAg,137.0
Rx6PF3O6Q8pJz8dLMJZfKQ,328.0
-AtzcXIwEP6yO7rM9CM9ww,20.0
epDgoVgwtpgxtiTMTOWajA,281.0
BGGR5ekPK6YqMRHgYNJGsw,185.0
Tr8TJnMoSgBvfZvmCx9-eQ,96.0
K0VNhFhaOrO3CypCqofjwA,13.0
N0CiUqvyVH2y9lcNdfNzXg,216.0
3vSYu180m7yhOD_qaQUCTw,218.0
gwo0iQlgQIKGXGTJYqWc7w,4.0
8S_6ltVRDCXp58xAAlVPAw,42.0
K6eK4nCFDx1p5akiRPwfew,2.0
YkR0ATqHY0bt__7sVI6R2A,214.0
k9pQa-48qARibpa-Yf0xYQ,0.0
jBKJMUcMuBmHqe5_U7GQ0Q,105.0
USHY8ScdVj6NhybPvYQRRg,13.0
szlIcLQE7K-1JuKeJIRKsQ,28.0
SDdB_gFAWW23cNmtwT-dAA,120.0
V_VQ9BgbLEzL9mPLQQlc6g,453.0
LBo6xt00kPgnFU8F7pSKBA,39.0
I9Rw9CSZPNKvIYG0gOHOjw,486.0
cFWfBh_oCv85WFA6ehP2PQ,1.0
iN05YIebDTnlTz3kfuyfBQ,2.0
nvGs9t11xAMlhzG5wT9R3A,61.0
7rh29SPJMkyeI2BJcjqzLQ,112.0
JpxjQWZbmjWlgAeMSVNGBA,26.0
jDZJsIyc3jXjcTtJk_p8ZA,165.0
L2djnd9r9-WDPG7JKmdLfA,16.0
b8fEuQPrf383f6pzdm8-1w,849.0
LdJljAqDu3UcIZldHcvJSQ,16.0
_gCfwQH8IxctGtMDEh-pfw,54.0
U9tVOCkuhs-1rR8Ol5nO0g,3.0
x4rPP40pYR5yMqKA77AGkA,0.0
qR5xHLWGJXvuWLTTwCYkLw,0.0
o_SI7PKxCaOd9pjJ0s_xvQ,354.0
ed1KHQwsAYyFDrlUdwqJBA,0.0
8YyBAyA3TKpaVxy99FRWjA,5.0
78g3rIFPysoo2SockVvi6A,2.0
EBwKRtjNeTjA5viMpc5lqQ,5.0
360rdTo6CDmpsFyUK-g0Og,27.0
TCFWN9ul1lkq3DRb_3zugw,291.0
e7M2GgkCfDYTxdPN1LL1sQ,54.0
WRsx6oYB8vtEM24auz275A,49.0
Gsbt1IoWkjrh9nExM7BIFw,751.0
bOwvJUb8A9MekXsK_SrftQ,0.0
iUYQXRqDY1O15wTZUJ-LjQ,80.0
_IAxXD30S4ODGh92m8tLJw,74.0
W3YejsFyM7i9nnK679nyfw,42.0
h8eDSoKHpp-4l5G5_JPtFA,381.0
oopfFjmzxgkDB0tt160nkg,0.0
gDQlaDRAjsCx2p_p6oJLjw,3.0
YBddInm3xP6k9iOowm1EHw,102.0
u7fc6_zgJEnEq3rEkC1gBg,0.0
IZ611uJBaWPAf-q0R37Nmw,4.0
tXZxc-3HcXvj1Z-Tzs4Mkw,62.0
ZMGVkiQUY48C0AvRcCCL7A,70.0
FWT5bnR1gTJK77tKL3qyJQ,144.0
v61dL5IvtgMwYBDNopvPYw,2.0
HJ5XgFiNjz4arYS3n27_jA,248.0
87rslhpXfVcJXN1_DiUQ9A,25.0
5X1stJTur_paJFZ9TTuNIw,5.0
u0Kzq5WYm0z29PTRAenzCQ,528.0
45wDLpgW2BFrCRqlf19Efg,2.0
2-jyqX-PonxUSZQugyCOAQ,77.0
ZWbJlxV7sdxBBgyw_-4vVg,0.0
-Lovf0jkQtvb6Y_WjDn-sw,15.0
Quh8Fjutyw15B6ZGZEf2gA,14.0
vpwyL6NHm-pTWJ5IeJb9yw,35.0
0u4Lmqi2hPCwwxJMbA7-ng,6.0
l8IqBeFXK3dqFEs7YL3ukg,1.0
Cf0iV72DTqR0ggBje2d0sg,1165.0
nFUyQLerRzNVZFDZFVSbAA,35.0
Tscoq9kue8_J1ySO42_ItA,337.0
dd2lOVfpM3nLbcJs3Gq0HQ,216.0
P7xBhyVUoPwgxeuGUPnxJA,675.0
_90zPZXAohZpRLGOx4ExrQ,13.0
VObfskmUmh8vdpx60lruOw,58.0
5eKk8dA1QtKaQr_5i_SCRw,280.0
KpZVjFlpUFbacJHRTNS84Q,13.0
61NPgdR5sMwAWw0CI78nBg,209.0
3kPqtmL3EdfhCwxfIHT_iQ,34.0
SV8y4bp5HmgURzvUC2Rs9w,12.0
bCVRNEKQyrQqMRxvsiztyg,47.0
VN-U7_jmLOcc5QINTlK5zA,38.0
NG5qynmV0kzxQMFJG7mhEw,0.0
fjE-jiwnTQysz-rLl6YMQg,4.0
czJKX4DmZR_1JeRmPcnmbQ,115.0
lJc5WljtIAI6hBqzKbn_HQ,0.0
Tz4fdGixKO3_HvOh8i81Iw,0.0
Cj6FN6h8EZWTcPB3h7I0Ow,14.0
Ve6bA_jf9A7EWKXeyWf7PA,17.0
NrokuoWJAy_VbMprivfAIA,9.0
YZOcw84UaQr_yGHhulXBiw,660.0
mBycrsguRPhI0xtFBzsz_w,123.0
kL5LI_GYZJkkP73wl0Qtlw,0.0
EkrQy-HGatKn-2PTssaJ9g,0.0
L4r6klm7FG4QBbNe8gu5-A,704.0
bWfwTLWvrGd1LPwDKzq1WQ,0.0
uE6hI5_i4QVq12xU99xtqA,20.0
X47pt6a4ID4aM2ONYdSW8Q,194.0
Oj_74Fa-VtFHXYTOWHMlsA,7.0
jItwkDeMBFquEb7mAvW-Dw,0.0
VVbp-2Bs5_MGrjboTwpSRA,0.0
YhBigRwAFdRPIQxWDjZOrQ,116.0
2LVuwl-eH-8PYikyFmqcTQ,11.0
ccdcyzc1oSucd-qRlnYR0w,1.0
G7QZWVm-ytyKHpvUq3ggFA,9.0
OaDijC3QRwxw9uTadyWIsw,0.0
uyoZHZzHaZpqMzXovJxDTw,105.0
nWx5GEaJ1dpc-psAbG_v5Q,51.0
xpAm-NN8JQbL5JdBal_Ptg,85.0
XH4jDFKyeCI7qkKq6PB9Nw,111.0
I0f12eU-xFn6Kd_4H57jrQ,291.0
UE3owaCu9En1RD7jTR041Q,117.0
kbTAyySlUZrTAr0nJOjiUw,227.0
qoiUo-7k2ATm0eokxNr8nA,23.0
i8hkzA5eiUXgbPjN8vK3rQ,257.0
KB9ojpV8g5G1hHS6ec4eHg,31.0
618yZxC6stz-Un4xLsp5vw,104.0
rcvX62QPMKs_ddYitm4Yag,14.0
O3y-5O1n5l0ge_6KGyR_4A,494.0
D9unP0Qn78z5HkaeT4_PTA,13.0
rYVIEEW5O3ZUKCqNg1hiNA,14.0
js1mMgFD4DEC5tGzpp6APw,823.0
rtT7RqERpHbRYOiTIgGszQ,548.0
tjaPPgXtVnP8RYmSqlsGww,1.0
b9b58YAzTzgOZDREH_cDfw,16.0
ZTCKRVCjdcb2eS_-260O2A,0.0
s19MqjZcquoj4h5-8m5C5w,1092.0
dYZqJ2S1ND9KghLIKJg71g,8.0
p91DHXkz5o_k825LwQPK9g,8.0
l4idpMNjLXY59NI9np-JOQ,0.0
QiuTcA0bKQMCyOFBFJZ58w,83.0
vAh6WNioOEw7G9tGhd_JQw,511.0
B19KKE75ZxqoR3EDuvA1qw,54.0
Fq6tvdwtKV7Kk3_33oONQQ,14.0
M990h0-4g-wpJN-qlnqFAg,151.0
xmeEyBVC5zN-FCX5qZviIQ,39.0
FIhNVl-AFxrjb1-puoFF_Q,14.0
_CgBou-sE-UW2j4otiKtlw,6.0
9ehTNgvu0vZgHjWkQqF6KQ,188.0
QteBKpZTRa2dJ3u7MLiXww,626.0
NLTfEyC50pz8a29CYRqvtA,1.0
5llCyMtS_WyUVKXCtpdaJQ,1129.0
AwBCgvegeFogpb3lpmpCuw,11.0
iUGdlpOMN8f0PTydikdxyw,1.0
Qor28v4BlhSwtN8DSvah9g,314.0
9SHoWGXsGOCa5hOjBOzPtg,2.0
gbWVf3a6tUailTJRvvVD4g,0.0
KJ6DuC0Jve9hAtzM2SGNOQ,15.0
nGjqCFbLPeBJe55Mx-nIEw,58.0
BjbR39fp7BnurXAq9gNNEg,1.0
G8LBVca1vOBKYeMCMpajGA,96.0
f5AenP5rsrnLo9tKtenIew,23.0
HPIuW67C3FJrTsPs9RCkuA,370.0
c75jLTjlgA9q3gImLEGT6w,0.0
TrN8HBHBL4-Tu7cXMDoopQ,299.0
OM31QC8tyTOXZgK0FDz_hw,103.0
kfo1hXvNtGGThfrZGaWtVw,47.0
i5EhA_T8_eWLr4_4DGDS5w,3.0
H9tOBBx3c5ILzEOCITJfSA,1391.0
vUYz-JgVTAtUGUbQuF7czw,181.0
elpS_xeOX_S5obTwx55kjg,24.0
rMVi-Vn_mN_X9J1ZSl1lWA,90.0
khylDqXpc2hTpuEQ154ZNw,121.0
f5sSn5cO4t6mF_mdnzKkyA,29.0
iUFwE4oFs_JRVdqA3G7ICg,1.0
OwL4BM7GchsxBXxWrkmmqw,10.0
EgGdnaotJpPvxCFyZPJeUw,0.0
sKhDrZFCJqfRNylkHrIDsQ,1308.0
pr8Mha_nXhkONtwmj9ka4g,213.0
u3nwislXMKKwkpHAXAArbQ,1353.0
1aGNx-7cTXIeBCMVM8X0TQ,2.0
CVECSCW-7zDzjpIPxsew4g,189.0
wJ-961JWdVhJXhWQf4Jlcw,2043.0
oLbHJ_qJh78Kw4fhUw1HGg,26.0
G1lB2bUf1MT1FZT8TBy62g,65.0
tstimHoMcYbkSC4eBA1wEg,308.0
RHoFn4B0AfyqyWGYFqeSXA,257.0
yLTATolCkihuQ-TFaEPJkQ,41.0
pVOQoItV_JIOkhbVdQhEEQ,0.0
dakUSKq6Vp9X2Qvp54t4vQ,7.0
FcYAwxuOys7NtnUPhRkA_Q,62.0
HpK1ILGUm5W129toiRSsXw,704.0
P2l7s26bzzN_QgkWSVg3sw,0.0
xxYsX6Gj0-pj-kxKw092LQ,14.0
IyrDnrvUKpndj5zIv1KvGQ,474.0
jgtEoeE2uoA27J_UvbE20g,286.0
Rt_M67qJU8x4QGhdYwnkAQ,57.0
VA0GbpAN0qpa3bdHJ2a2iA,16.0
ANSdwcG2_tH5iHdOpokVpQ,0.0
T5UBAJt5Kod_wQGbH6m9hA,216.0
pbeRNz7IU9rBqDOJcJf6LQ,46.0
WCl3rZyr2fmNX6KJLsTg4A,172.0
QyyDWCG4Z7z6fHYFPQVFnw,86.0
RVUsquY9ozToz3Hhmohq4w,1528.0
c2l80imPWR8V6gIEM02XPg,47.0
PnSOaN7kg6S9fFHX9RCtMA,0.0
CLthP1yn32xlBswIbsLIjQ,92.0
WyyJdVQBFlPVITTmjgEhlQ,0.0
safPeH-s-P56V6wt6G0sFg,191.0
lOQPeguczAueJnLmDUTfGg,3245.0
dWJ7fG8Egp3Ips6j0T7Unw,70.0
kOt9Ci_i8O6m_aPXN8HXLQ,0.0
WP0M2cpWzhsMwk7kPtreRA,386.0
QTH_XGh4rWYdd0fTW-tUDw,22.0
OFNXLfKbnsh7zV6Iu3EbyA,181.0
Fyuotg1ShiQZLtV5Dmjakg,1.0
GtrKMt4SFqh7eBl2CKeOIQ,0.0
BEplfZTUzYwApjMUaOA12w,1083.0
l7BLw7-bKVD7fImtls4Lfw,117.0
U4ZvCExEi8Chtzu9IVrkCg,17.0
5VXlHFrYZZzj7zfZEsz5nQ,526.0
Nsi49BE_XsjJ0oOXwhH8hA,27.0
W5Qhm1Jfu6-4lCWHmUzVWQ,5.0
a6RZ3ampzMPiu0drkw9WWw,1.0
hb2u9dUQkbWYIHhXCiFsrg,1.0
TZ0sFZnJi1w4CM0IcA4T6w,8.0
iRFaq249LVEFGeXLzPULnQ,236.0
7PTQ-a8Fu4kxXccFvWWT-Q,9.0
e9gaoUQEws5tmQROZodZMg,7.0
t6ZIBNrQjvtwor8W-u3sUg,296.0
ai8nfTBNvL579cjIuqZajQ,177.0
b27YujiIUpypBuxX2nn0zw,912.0
24f5ie972m_bYpirVW-dZA,12.0
4I4OoW0tbaoG4I4D2spF3w,128.0
yvqcZrHixuf_oIUW83xUcQ,498.0
WY630Bgo202sOpiT57EN5g,4.0
bxQUVVI8LR5RmyTYYJq07A,75.0
R073RHVTWuUc_JabjD0bsA,224.0
hcEnLRdLcIZurxiYJ_h41w,1494.0
HuCwsy1S-iHm_ahDrOH8SQ,33.0
1ME-zOtZ9HApzJUOpR0-vQ,147.0
GyXSPlq4aj0Uxm-UJYnGCA,0.0
zYKblyjRDoiOum6NYuvZ6g,1428.0
pf3kPNPGA15kggbgL92UXg,116.0
OzcvQqt_copeLRCT2OHrfA,134.0
1LOr_-vGiVMNod08H9T-1w,10.0
uX9ZVa3k3-6Xf8mAU6aOiQ,0.0
S5FTckOpSK0_Ma4c18ZEgg,325.0
0G1y7uV7w1D2uziS4Lt_Dw,404.0
QuZ_QZbW6Th-SouyQyCJ2A,1.0
DsAZ2gzuGK9_wKzMiGqIjw,8.0
Sovgwq-E-n6wLqNh3X_rXg,2251.0
GWNmYFQw3WitfTPt5uGMvQ,162.0
XjsCGzq5P1pCiAHotA9HCw,8.0
Edc4OQns2A4lqs1KT3HE-A,24.0
6Na0jTJjX5GQY_ZJ53G02A,80.0
5FiuxRWs-indyk2Y9imkSg,191.0
uydiNFpCd1wUkLdRRQp3uw,31.0
_QvGAqMmrUIlxpby2Ul5Dg,533.0
euksvHm653hJMJBqzcvMzQ,74.0
qJ18IGaDsQtzJ6v2UzkdcQ,68.0
nz9_UOd2ZVuUhVYqA1FJEQ,0.0
5rPcuMOjSbKPuYzVLsstQQ,16.0
prHnRsgY-PuM7vxe8-RwEA,16.0
mIlQi6nZdFbEAjZuQ6pFfQ,248.0
f_vIr9vzQv0USejCvcawcg,0.0
VIxWlFefTnFQPkAvDNURjg,33.0
KhYA1VGwy1naIiIAvPfolw,12.0
oDcTa97TuRsNVg8urdw6qA,14.0
JJEx5wIqs9iGGATOagE8Sg,10.0
kUntNQ5P9IrRzEoHdRxV-w,130.0
v6QXg4TI84FKEkcYGTrcNw,970.0
d4qwVw4PcN-_2mK2o1Ro1g,2756.0
0CwhlQzyXG_7RqEu-2pMSQ,2.0
JECKrOvqJ_faoW_QxyeEAw,1.0
JA5GJINnaQQxKfoTUOBAOQ,120.0
lMvz9E-JO3pajoTLAh6O6w,0.0
EjYGxyksao-Jhw86tIAiYQ,10.0
pjoVN4XV_QDWoASXsOCZ5Q,226.0
GC5wcui5uejRZTi8OCNPkQ,456.0
uBCRRQJ4ukFaE_UyY6T1uQ,98.0
ksuxxeP_V73Y4iKPeLq77A,410.0
8RaBVWFkysjREG-1itH_pg,403.0
7tNY4BYLA4laqWNV4IWGQg,2729.0
5cbsjFtrntUAeUx51FaFTg,251.0
-0BxAGlIk5DJAGVkpqBXxg,446.0
fXSOxjL7FP_sVew1gXnOIw,478.0
y3RlbCN0UrDdLnjSF9NkXA,278.0
nKbuoq0Kqdv0tSLFJhwFVQ,1.0
4jUj7xHIhdHpTrb0ZXSToA,1205.0
gxn7NL4Pd52jAXKa0haaaA,0.0
5JxlZaqCnk1MnbgRirs40Q,159.0
HQBtr9-GtWE566ZoUNf5TA,5.0
Xww2E2ym5cWX3-91Ml5Bfw,205.0
kVqsDQRGxZXdJsH8LpEhww,10.0
ESd5nHXftmJ6s6Phxf8zYw,7.0
L7iOEZLuvd3vHoX8Efi_hw,0.0
_5YnAQRM1fJjKP8IenNKEA,825.0
cGHdjkXa2n9B2apkicdCXQ,963.0
c5TOGBUCCUUNBPM7h_KbmQ,889.0
SEjyjYlMfFFzkHaru6JadA,836.0
Hn5UPOrE3VN7r8k4cBS1ug,108.0
MD2lokfrZ-2NlDMkKbgEPA,40.0
ifHBH2gZS_feI6JlFbGFfQ,854.0
ZMjNpbMvDWEUCqn1l1F3aA,27.0
fq6qlXprwSzSUr0RKE_0rA,26.0
zXR-C_clfbCksI0cIDrl4g,232.0
UVqelOc_xJwy6lfnOhiCLQ,68.0
reMD4XrJSJ-bQ185AmZL3A,109.0
CmBnas2zg5JyigmXclc4JQ,7.0
2QbWs3zL31_pRN2xo3obwA,0.0
aDSSDo6IFnogUnBQKL5-lw,1.0
Mufm5Fot_GS2wNx2TpLfcg,1.0
HUKbH7r9TBJPri6LJbBKtw,138.0
SEeFkKq1Y__OQiPMQykG7Q,27.0
X26lmoKvv_KvW6WcAvWvrA,161.0
1skTxDMBQSpElbLfhBgmVQ,15.0
QWrSZtFD8vRVeXZjInRZ9A,0.0
YzuWj3u9BZRpxNmd1Cv3QA,3653.0
XdhJ7PjfMjBmZwvKikWlkA,17.0
eppng2FiFAJa1CZBDX6mbQ,11.0
9iNZ2o5jt-zpdMoAOgd7_g,16.0
U3ShrvhAFpv5mfT6z07eGw,139.0
Cj13NDs_jWzU00Lx14F9OQ,1345.0
jNhxnj9j_spThcSzJMaeTw,4.0
zk6V9L20h4kDDj_dO9IitQ,327.0
uRbuizm1j_9gTRMJJaev0w,4.0
IZrGUQHkxOxyDmifE6p7bw,441.0
Gdv3qhsDeQzZ2Ag-Tzq6vA,536.0
JGt8I1xjA-2amBuXwXJPIw,0.0
0oMs2QdhuLW3wYIJIi0wcw,1512.0
ROZCc1XMuAJpyhvTxotQ6w,4.0
oaap_zKAxkrlTBwF3onmXw,67.0
p2nstdjiVQyz312Zz5u3DQ,10.0
60zmhS-MTHrhKIXxhSWJ4g,1080.0
TAOTaNgsRs5bFeQhj3z1wA,17.0
GmwpYbZBpKn6K5SuQffT6A,613.0
bgx6gYdktqEoQwBdo5lRbA,197.0
S-oIZWzHhTRF3iqqQMvYoA,430.0
MMfVS56z0AZXbO3C9vHbVg,8.0
tNky09c0HBYiHxizht0gCQ,476.0
r8Jr-7YfkhJL2nxk9lxUNg,1137.0
Q-HDnjHCywb65thAB-f0nw,8.0
9jktc8BXDYkdr64L3Q0CyQ,72.0
dhoyGQK6mEZG2gnlm9iz5w,0.0
QC9bLPcNk6ymAOHf03pHhQ,169.0
IUm5jbVbC49gAI-q2KrZLA,898.0
7HIa2lYy5jgcZuADlRjKSg,2605.0
txeee1LquHOaroqXodi4UQ,3.0
lXCmTGagqHuPgaeN2g2P1Q,2.0
9V9RlgqqnPFQJfF_e9Lnmw,191.0
8WReyPgDDzak50NJxoWZPw,665.0
ySBvgchqN-sJmvUQVcTpnw,52.0
McQsl_USMy6kfUz9J02Tdg,113.0
2zrBUJJG1FqZ3X03w-OqIA,594.0
pdeTqMHy2YUkFzWxvP1huw,176.0
cM4R0NNWdS2NSZga7bxCRQ,2.0
l5NUIeAo6Fk-Vx4nm3Xqfg,96.0
ho08r5RNItiD2iKgEeocIA,2080.0
j-QJq-qiZU_6iRQ1a2innQ,277.0
I22wQGTkLFGn6jTOhwoecQ,262.0
NFOj3uboFzeNF5X-dWUd_w,61.0
ZzZjqBtd5PdwsyKetryDMA,170.0
2IvrdAb6zdxr3ZqplqJHbg,1256.0
fAo-3jt3oD69nwnr5M6FLQ,299.0
oUso4QWH1OAXboD8IMjpFQ,20.0
S6V63OzrCaj22BQJeKBDCw,93.0
IeJWawvw4oAb9EjAP-W5hA,104.0
Kvm-YTwOrexgqxZ25CRi-w,36.0
9M0cQtHWkLNhGxPYt1qakA,5.0
SktLID5_ywSlgVE-h3NB3Q,106.0
UNVYKGIq6jwcAnP1sT7jgg,1.0
yi9725wjRYYEoF-xE47_ig,33.0
DM8j5g9k28vEOTM0kz4KVA,58.0
_Kd0kQ8RF70hJ1ykLqCRyQ,1569.0
vLO7WdSy53qYHXl_PiRf1w,0.0
yx52nzTjYnc_cHu4_SkH1w,0.0
89Nhx37ddA8isjGnOQaGVw,55.0
kYvZZ_aKaKLQKeyms74T2Q,1356.0
ZsKWULhwwB61RHzCrb1i9A,49.0
I01C9Xg_SVyMrQSGIGeQ-g,520.0
QnTFXSKoKgwVNwkl1ANTwA,0.0
xw6G0T2VQZAtta6RcZoAOQ,1161.0
H8p7tEvUmJ2sTxxdmxnrMg,74.0
WQThS_07NZDydLPoDqhBIg,809.0
jvUeGNTr7M-FRyozqKRZzQ,42.0
RDQpH7J6PBpVzE9pNDKcoA,19.0
cIRhIB0bXGYRijNMdOMomw,300.0
1rULAY9Q_mfZIZtPhgqnmw,344.0
WIvzaGdl-leuDb5TNtiNFg,5.0
AM4KZN8Vk6DP4Q4qlwmptw,215.0
4OUGSeQeASZGn9nSb8Ialg,522.0
szL4LjaGZpmsLjQ5ALmaQA,2492.0
gdtZA3sVQ5Hk-3oPBArdLA,715.0
zPV9RXr2U_TejaJfgBdaGQ,3.0
RDw-K8fjs5Mporlq2KqTUg,2751.0
ujBk7cdEvo5FkD1e0Gzq1Q,23.0
jv1sbEWUJRHeUff1xZtqWg,295.0
GdE5ZF7XMDyjwBVB_5qszA,111.0
8S0WItfiVK24ys48FhcSsg,13.0
ROAhwL6lyogjyD3BdmFzYA,1.0
b7Y4dIggAacPum1tF3NpKg,226.0
0M7rIhQLKD-j2XSnKgt2ng,27.0
eHgxuooEDnjsmmckxPcKHQ,18.0
SnZhLM5l_xonNL6FUNlUhA,2.0
AES2bv2pf2jIL5c2qVQ33w,52.0
oQwadWTYQWahuj9N-68yPA,9.0
KaDyTnmoVLZ1cabVpsiADQ,216.0
4uerljz19miXeBR8E4urYw,131.0
MAuSh7NKoT__CQ4BumoayA,1279.0
9Y0dDkFEe_spzPqccq2hIw,1.0
2ZZmVT4Y8Rk3OIzu18PvFQ,0.0
yWe4rieG7ifkzmbKW9vnjg,2.0
FTDle9JjFPesq9A0RwP5Ig,232.0
Y3A6yImuMDv7lrWrrQzeoQ,692.0
pi1UM_U1hq-DwDYqQRK1Wg,0.0
U9aA5H13y7t9xWnoQslV0Q,1319.0
u_yEzg8t42Yd8qT2yV7OrA,19.0
QQnEZAmD_ezxMJ8Cavnu3w,9.0
T3ZpXgSw7eo4cxl7Op7G7w,15.0
HtG4De1Xlv0I4igSgEEEPg,5.0
cdsxkycC_xrXlOdsm5yZUw,0.0
A4GjSb9NhUKGUoyyGHNwYQ,0.0
0nyzmtzkjJm_AqkEMuKKlw,0.0
pN3UbQ1n4WVli-kfFDfWug,0.0
eRjcli4nDHRwhByViUz9Ow,103.0
h0Wmyzb8q0bXbrqmWqVvfQ,60.0
7KkgMcbVaetryW1wwpzvvA,684.0
JdoBiBRgeS_KKaNaU1sofA,123.0
vHt0CSynqesXox-9nBj7uA,409.0
yNb_PHvkAMGA0NU25L-kgg,0.0
BIbjBxoiJLS8CnNsSP64TQ,117.0
NbjeMaUoYT_XUB8PWnwLkw,0.0
j4Ms51MtI4arORwaICNfCw,2.0
oH6QAuoTLFaX97oqqpLTMg,290.0
ORBAhrzLIjIsDtbpl7BjeA,3.0
LNYqgenmMJv3QgXm0wBGxw,462.0
e_W6Q-qOHcUR5ZKrwvC2qw,30.0
39BNnMLzx0UUwkWKxGeQKA,28.0
NVHlTy9TXFJQpUzZKuEeWw,3.0
6OhgauonbNtqLRpXXn_nJA,15.0
Vc8sXKEdO9yVxbRlwBFHKQ,5.0
xNzD6FRuz3N1uz96d05VEA,0.0
Oyo5CWthu2upxxaf69MfIg,14.0
kDZm3fZcLhotRwC50XE_qg,5.0
pW-fOxuaWBkIhum5NANx2w,2.0
PipYLRCLVC55HIXllbQ-rg,109.0
bjbegGikWzSgeVsOJdE22g,82.0
imyKBHJGFixHJ2bh400b7Q,1.0
8vrzErpjzhDabTWX1ZfOGA,0.0
0IjBFHFm8M-VPyym-Xrkhw,19.0
CvP516pjOdcJJkaMjl8rPw,3.0
LJQCv30PCIpC3FnvHF5mXQ,559.0
0c6PQILCLwRZ8FIB4AEsGw,270.0
XhMfL-6lt-prYyC9Lp02gg,1.0
loXkZgAd70KMjP8ISCnZPQ,23.0
xcKB2QEppVgMARTWGYZGow,50.0
K4z0ODOZNuN2uRnL4IwApw,332.0
KPLFg6jWMXmRv5Dh1TKG6A,2.0
jG0m1-899xwYY3IXpTRRCQ,911.0
522GgMvOvzaKCEX6BfAtvg,11.0
cmVD6r0opmziN2R8uTIJpw,106.0
fmVKBldrSIgFPKigYcu1Uw,105.0
I2lDmQHDxnUKbEBJuJCW6w,58.0
GZlJDJhDlIy-Xj7ckfyJuw,0.0
qEg0K_45TBlzHMOR9GC4Pg,3.0
S82G7PzoKcGOXYSrb-sjRA,12.0
y_pR7Ak2VqRVNttn1b6jcQ,402.0
Mw1Q04VtMm3vG3pBByXRtQ,2.0
maI7TBB32kGuRkfxxA8s6A,1544.0
QKCu3cKjMAOOZI7tEfv0zg,36.0
S5RLqt9XkvZxoTMKXuF-MA,300.0
W-woRd49HjVBf7C3dIcNiw,0.0
JMpATuCfHzeP-DASD7DpXQ,0.0
x4txqZRe2f8-sTzt0myCVg,451.0
Z5eukYH32_nFljOTC2DJ0g,2388.0
5OqrwhtZ3mcmUSwLINZTWQ,477.0
s7QJ52CAWUY9lj2iOM08wQ,64.0
5DQWy769hUv1vl9wbywE3A,0.0
qsdHK1eQtXmAJNdVJxiC3w,161.0
cZf3Cosu-Aw3D3uVtY9quA,15.0
opwxvFwYTppE0JgfM4FBlw,20.0
QmTXU7IM8RRjULQw4Kb4ig,1.0
Md8XLs5FUhSnUodFEVqYWQ,3.0
S-0QfksFDtwJhHUa8pg5ow,1794.0
CcMi0EM4KFqa_4hVe1oN3g,0.0
ZtdCS8XjmL4P6BvMOIQWag,96.0
5qyVOOsTxMdEByXVkH6LQg,1276.0
dJF4C707KVhFx1qcRJhlEA,858.0
RRw9I8pHt5PzgYGT2QeODw,1836.0
EHDcxAlrrP4VPiZuQlrIrg,87.0
rWG8wYqZ5O52k_CquR2erA,739.0
tP4bAKEDz8aigXVisQYzog,0.0
0xtBEP5zCu1153SoqqemLw,221.0
uKnQQDArO9bu4tAbGZ4epw,33.0
dblGQtHAzNy1ACis1m2shw,116.0
co40Xq-xDDC6ogEjFUM1Sw,0.0
mrnUt3IdLRf4j8WeeGGbpw,1979.0
VF4ehFuQor2T801EdmKweQ,0.0
zHs5jZqZJBBt-JizAKktpA,3.0
KvFjvYiagu-9YmcJbLd3Ew,2329.0
h_-KUSA612pFEIGC_dCsKQ,254.0
yVanb8fVmGtQFEYw05lZUQ,333.0
lLj9ULb01sNIYDbYbeUqhA,24.0
0DQ31asd4IeOTI7dkZ3OXQ,0.0
oviLltn52sIFHcClcT-BNA,599.0
sVeSK69iNUUsMU6tpXzl6Q,133.0
vgA3g9yQDQSABsxmQLtDkQ,1352.0
-RmFfWUyUU1RPIGtih7J-w,189.0
VbrGaAmb4CJOL5oLsj2VsA,0.0
8zh9Uts1H32Cqfbar44TLw,52.0
gesHfxT78R3uUd44xdSLig,0.0
1kHr1RTkm_J-dfrq-HPBug,58.0
UcIrRf2mWgqqlg-HNoDl0A,324.0
Ul0xEMKGW3A8T2XFNWeAeA,2.0
IO3iTBH0rX-G7E7wAreRSQ,28.0
oDM09XMN-FG0ii_gdVMrTw,48.0
KwMdV9OLQ8EVs0KaeB5Krg,2.0
zwddv6HjTjDx9fOr3MFtwQ,18.0
z3UY-ohjuIsyVmy69GGVhw,6.0
7fsAew2vBXJ05QlOu9d_lA,65.0
X-5sPnd7SHvOWYNplJf9qw,253.0
WLblFINiPI18_o1OdDsnVg,1002.0
1B7oil1p-lkorF0ig5G54g,773.0
XkeK_iBSs76WEWwbEdbu8w,815.0
P69Y9eN-tjTU425-1k1smw,0.0
9pTewioF128zRmHKAYGYDQ,27.0
WPQEzolKWpB_zOx-iexoBA,1.0
ru35Z92NtGynsmw0iZDarQ,272.0
rquarcYSOS9PIstXZAP_kA,198.0
ezuzSOrWu3KhFKTtVAMWlQ,166.0
Wbi-x-1Nbn6LFCMOSN6F5Q,393.0
f5DD_VW9YipLr7fvIOY9Eg,9.0
FTVDICd-uxoEGYh4pU0pcw,105.0
-ifVnqwrgCE3Nc4svkJDMg,264.0
ZfBKZPd2rdpW19m91YnHXw,6.0
Os7-trg8BZMaesk_iau5xw,167.0
Rhh2B67FhtwGUfWaaOzzVg,1.0
xjlMlnxWqMd3FGODA_z1NA,232.0
jrWegacxD7lD1Cp-Kc5m2w,13.0
R7LyTeiOHLyTNkA8HssBRQ,1208.0
Ch4mZlK2e5Ex1jbWPmr9Qw,3.0
xl5_NW2JBleYameeEIocFQ,0.0
47Ce56CE_NnzdmCozdMQng,1.0
CiYLq33nAyghFkUR15pP-Q,4142.0
k1gDqlaVXilVRE2MxFR3HA,6.0
4kbAiUDdVCtiu_GL5hyC3w,1927.0
LAoK-5hDjqALXQ9F6RrVIw,1.0
SfP326rcU5sjwGx_dQP2RQ,11.0
vIAEWbTJc657yN8I4z7whQ,1811.0
Qgh-6o1N_GG_BFfw0pxBtg,10.0
wnyMhlR5KCWkTCzQ1_gOUQ,184.0
IRH3mIW2q6J2CR5EoCQ5iA,0.0
iiVeHbqOWMuKeUQz7ks71A,155.0
b9lGo4hvKBFravd3iSNN9g,232.0
7w9GpK5BJZY94sbfK__oDw,2.0
dO0KCBji2gSR503kp_e4-g,1969.0
F2pfjAZ_3dMTGCKv6c5wOw,817.0
vykG2Z1P2tMswAL67mFpsA,1110.0
2ivGlp_mVzwFaPjatAERXg,35.0
qmm3eoSgi_tCZx9h-zSOFg,0.0
0Fmvi7EnRqQfk_AG1q4JSw,169.0
pNVRNptxW2u_WhQ0Fs-g9A,95.0
jWHr_b19C1SjRvfI9jbdmQ,89.0
9F7NTHmXRSY89IjeQ4-8Zg,573.0
VFXKmRqMw1UX852ARt4rhA,1119.0
7k6uHs6oPyh5AuaqrhC5yw,0.0
lVfZ2AaYRYHCFenUMQna8g,282.0
CczlJeeaGK1XP090KjPVVw,201.0
nbTwuhnXEyQRzPIAfGNS8w,18.0
zm-nB9xWL0RWZ-zoL7JNuQ,1248.0
tNJgmbODR-N0qdPGy4Vsrw,208.0
02E9r4BQzVrA76Bf7G-KMw,241.0
LdRQcqRPZXCceiMUG_uvoA,225.0
HbpEevlotptlh1omZ4qDHg,0.0
bj983gybZceLrdUBeCahkQ,221.0
lwLd3mQRtzywaf0ndkyOmQ,1.0
PNdjgI6mZYXKCTBKiVQMRg,4.0
K3onlKzkO3LHPGIbvC3xbw,214.0
09KSeRIpzGeAqsJCXZ4d4g,59.0
bfF90MspMbqLWdcEU9JLcg,29.0
Z2zynjhj6umPoHwLVfyOkw,21.0
yBHltbm3DqNaKgBgTMpxsA,1.0
kVEjTbR6rJgfTnq_h7kLPA,495.0
yZE8Vwam62qWB5bO0kvp6w,0.0
4HVGgGI5rKvUJcaIV7ub7Q,2.0
hTSIT3puu8m8-kOZYS4Zdg,516.0
4xnVH2jTVwrsO88q_jHWWw,54.0
PBSnhhjJ9X2uMRgx4QhTcw,0.0
qZZ8VU1Bk-xCruEAZNwm6A,43.0
n5S6BuEvl96RgCTafnYkvg,0.0
dt09TJuvnZR6dRd30CKNaA,0.0
BxpWf0-aNxjpfdZcULR6vg,0.0
qtJEVrDf2jpfqvqqBozBCw,102.0
WmuIohX-7n6Ep9mnB83nCg,0.0
iZfeH70e_YFLrURT8WuCYQ,23.0
Aqhy2ZYpEeJ61aIJH_iCxw,1.0
ZSnAyj829ZcaGGxs-6sArA,0.0
WVHpnaX6zPdIIJqpQh4paA,85.0
COszO5BlwqjRbZ_IUqExZg,2.0
nbFAn60OmDt9reIRk8vilA,1.0
7OuY7NAB1KuC9cYn8He3Pw,65.0
mmtjbwUUjw266ulkEnRX3Q,0.0
CtYWpX_cy1YdZgoKtS0Tqg,0.0
L-Go77QiXmXsYt9dYULPww,136.0
4gO38_nlrPCHqEcs_6-AAg,0.0
Zv2ZxnAZLswC3IXyiHhYeA,1.0
h0eR5-U7hWtkKeYbqJIqPA,0.0
n_UlhRNcv9dm04NbUNBrFQ,76.0
VfaxW4igH57KHsIHR-W7Nw,0.0
GUsYtGG557XKlHaMH87erg,227.0
Jy40ercZIQaNcz2qV3qgow,315.0
oB2_XXYG9c8bgJL9sFP3DQ,69.0
bxPa15MkcQ8A1JtN0_dOIQ,0.0
eajXb034hm_9M6OgN47LKA,114.0
iIjVO7cLD1UEmIO7G05Ujw,556.0
6MhY_9EkUkKCvvN8rzXZzg,181.0
Sv1XtPN-utoenqdIn9ZMyQ,130.0
rbywwnfMjFjJwLQkgpdIEw,578.0
H-3l48X4ANDJeok4OxS2Vw,0.0
w96oa6oQk2kolYfy8Ja2Mw,11.0
6AYMdVnWkFWTk1uEHGUmZg,1.0
Zj3hKT7KlKSCAb4XCz4dgQ,27.0
QdvROupQvDDQIaHrTGNgKA,1021.0
ueBZ4UoRXdq1eXrlPgnf5A,0.0
LV63vo4iBHIo7gjiz-Oqgg,12.0
xFuyA5is_lLo28-fTUQjPA,48.0
Q8y1q58GYSU0Lnp1DFJvtw,2.0
URFhSrJPk7JM2pUtsuWsAg,1264.0
OFacUbdk0t-GJ83GQ83LOw,130.0
YXdR7AR-9rFGvTt5pkO5pg,972.0
_6mvQX9x66oz046eS5ii8w,400.0
_ikylomPLdTgVtE0xWR_1Q,44.0
TZl7YBuzo5awZP8QJDLg_w,30.0
1GoI8TV5ngDEqoTmDK6Iow,566.0
ELxoOY2F-1jSb8mqyN7Zbg,89.0
gojqK2LbOCCQhGACXeTAsA,1021.0
5KheTjYPu1HcQzQFtm4_vw,602.0
_YHMJ_bFgSoZbiZ6MDf2kw,1614.0
pOJMqoyWtOVxtjB_dakVzw,0.0
xFN8mRubo3G0oIzJwc8XBA,95.0
UmJU-v1Hoh8myeQmCwFI2A,0.0
1JpfQCgLnmz6VU00O1XIPw,1891.0
9d7N-I00hu-VkXFry4Da-g,228.0
XLW0mQo0QZLCiqNwzWIEMA,43.0
AfuYockOIOH9WsDJHRvVlA,94.0
INuaxyGB7eE_6xMtYUersg,105.0
2O_ec-By_tho2KeXvcnBuQ,114.0
-weah7G6XZrdmE_0scCyig,26.0
aYlZVqlqf8QRd9EW0iRC4w,20.0
tFcmrGLZNEymSnijoTPmqw,408.0
8Syk4yZRivDlVUdXxIPutQ,562.0
EGzsR_Tyd0QOaZ6g7wPl-w,2.0
RKX755uAGPMerCWueEpevQ,15.0
U21YaTK4PVlfNHQSyBkJUg,320.0
SVMR0kRmdd-bbSNTTECJBA,320.0
aI3CUcnQbjn1jdcl6NfatQ,0.0
rT8DwZu7pvuWKRM1nwVuug,8.0
rgTcICdtCXoNXc71Z7-t5g,221.0
yzfp-WYIfcwRwcuMc6Uelw,0.0
v1vcs-uSAQcjTFsHxS1dug,165.0
Tqk-TtGw0YjT_SrxsCPMxw,61.0
daLsASi-J8zee8cpZSnqjQ,37.0
kcpu_H4BaMY0dqHY8khoGQ,507.0
zsNEni7cr4lRnjd4AcO4kA,34.0
RJKbewB0SzRZpIvQmiF-dQ,7.0
ueZc78i4FHSRnCRUqVyivQ,12.0
feXaud0exONNXlUu1m9DZg,5.0
myw0csRck6XG4w5Z-EFyqg,70.0
9o-DUVGYaoKkqnCP5BT_NA,534.0
5rFXq7AGqJJeNn48PHfEtA,286.0
A2pHOVp0zh7grb1bbZxoBQ,76.0
hKFF8inOc_bK0P7bZBv37g,0.0
E4POatW_bg-T0MzD4DuLeg,25.0
Mca0HEKs8Xfa4VimLD1uGQ,1.0
uJgxCC03SWlwAkttc4exJQ,27.0
-jghjupgk9DVw5M-dCr3mw,10.0
IsGsZ95WHORUYy7vM_JYAw,5.0
2OkYkQRItlqbKw9Mz7flCA,279.0
2G8YLx7J8du260jFNjIjZQ,29.0
jKndHanZV4fygbNHWK5Xnw,39.0
0Wysm_99sHXrftxGZrJc3Q,18.0
uLUl_dMl6a9m774LGReDVA,110.0
rBBAD_fHaYnqWC_APHO2SQ,2.0
nlU0Gp7KCN2hjIzcTdWy0w,4.0
fnaDx7UD4MiodQlgYHDwsQ,312.0
6eUJ3BbrP7tsEKwYhMI4_Q,0.0
kWvBsbALiMDOghpoBh-tAQ,96.0
5_PpFtjeLq1seO84SapJWw,49.0
89uU51kOiQXbJHVA3C6XMQ,1381.0
h7As2jB8bhfFxCMCvdssWA,100.0
UDucqwO8PwUOwcmUsJ-gOA,59.0
v44bpuCu4vM4AmD0_2K1QQ,55.0
hoEZtpjQnBolxSmkrxHpWw,4.0
kzuQsq0KPWLeKFtnLXXyHg,63.0
suNSq8Bs2vsN1nHlOULNog,0.0
M9aTtOeOIG-EOLeHNgkKfQ,5.0
SkdJFYlITwDsk5FYH-s7OA,1.0
RdK6dhy4lOb2taNp-WrHjQ,66.0
bZaVMkkaXFc0xpnOkacWsg,5.0
oZfNL6ZFdITqfwJzcE-LyA,4.0
MVLZqbw6vOkCjFApRBlSfQ,1.0
2jx_SaBzvIdIwul4JoY9IA,55.0
QyfX-6jFfINH1MuXS8R6ZA,1.0
zibTVHwQMACJCP5pjRUupQ,1.0
Z4xN2eedRYHELXcQEg0c1Q,50.0
euL4wrPoczkOBkS93pxv5A,294.0
dHTGzM4_3kKEiQvab9mi9A,90.0
5rZxENz57t-SDv1tIS8lOg,8.0
QjgcO46oKDixhFYpmPL38g,1.0
mXYVVcDVxifAFU9oXQ3mXg,2.0
0AJF-USLN6K5T4caooDdjw,964.0
ZDdEtIFhLsoydDvB8joYrA,0.0
yQ8BbqjcdNmmcWMJTOYmvQ,1081.0
0qOI8lOZvvhrbtxqjaBQMg,665.0
c-XMctLK6QAy1NjLSkcLRA,0.0
WAb6ox5RrBtF7m5Cb6p56Q,119.0
P28agvrsm3OARbV3tFQbUg,51.0
15mZTt8yz8iH11fZ943FxA,22.0
MXI3o5dhAV5LA-N9WIABOA,232.0
q1R2R9i3TkH94x-CwP-l4w,247.0
hgo0jDweUcHMHqNDnQQm9A,358.0
cm5pya6toFXn6sJT4FVGyg,27.0
_ZwDLtBopUHb6F2mIPFUJg,1369.0
bCrMHwCLZzyKsAUOiAL0OA,266.0
zNm3C496tg-jcrvG5khRUg,44.0
6MEKzqX4uuxBTqavZKdc4g,3.0
LVyoW7-2XMnb1avqWNZ3yw,243.0
UMDYX0_C9TWxkANMoXBxGg,12.0
xedxfb3rfEmXDE0BczcCBA,1824.0
yQXnr78QZh4KUhgFw_cevQ,674.0
emtAyZPvp_0b40levOzcnA,138.0
8vnQAJ3zzI-iX_d0SI7BUA,5.0
HTlsBAd9j1wlWDHxnYczBw,386.0
rv9T1qGHbh9eXqFpKEPy_A,71.0
s6oqPVuLpDRoKnrfFdRIxQ,86.0
BUVgOVIeyipLxHdoDtBIoA,112.0
9MJDPVeLqAWLqdWF4Heqvg,81.0
8ci0d-HKFK8MgHrf8kPF8g,20.0
QMaaLfedGzNhHz6PZKAUkw,156.0
Net_BZG7t8JRLjXxNtvyNg,1411.0
Xwf022IffmZPq6V25iomDg,1414.0
xUvgrDdKhcmaP6Zv0ssb6A,366.0
j-SSlq3__BQr3H7lAyVvkw,430.0
YalmY--dRI7hWdKutyyrlA,169.0
IvbVnHO2Y5w4b61rJ5xHaQ,526.0
cbbidA4huw2XQQWlmbUQgw,13.0
l9B72QwKjUhEA-pLumCa5w,110.0
P6c0lV9DeJ6ofntpTWyqhA,337.0
gMJRFH_zFh_UrQeU5KHvng,0.0
44zSIjPU09F2UBYUn_KZ3Q,109.0
ogcWPQvYDGlCHLkGOBjv4A,1.0
6ylM5QEoE24BR83RtuKHNg,0.0
ZrucPqD_AGAZM53BwtsdTw,2.0
d6CDmV1xLFN_Jd9o_rZrKg,3.0
nHqpvwq0PDMD5FOFFqB7OQ,24.0
9Z_6rRy7Tl_C6HIgm7y6FA,50.0
5ts_r4K6y103zNXt0k6nEg,421.0
emDKRy7zU0pqISwM71wbKQ,4.0
wsyNO9Ac4gqGYTBfNeM1VA,256.0
xVP6vpI-LGJ4Y61gIb4LQA,20.0
pt7p4klGicvPZe04mhhVGQ,18.0
0J-QM0fIxBNNiSK_n19y9g,16.0
FTA0Gt1BQbuA0OPEfV1R6w,25.0
SvtGJU29odIWDEQUjjV64g,462.0
IMu-TDHot24Y0X7ESLxHyA,372.0
Cz8J779gdOi3OARVwOUXRA,934.0
HumV0E5AE0MmyusDpd0b7w,29.0
p-MmlS4oF-YoPFM1crJ21A,1.0
eKEGG0UNGwd8AKdEo30t6g,422.0
nc7YTLSXEWPG4Q0WlI5iPQ,351.0
zDQZZZhb8VOk8EaoN3HeTA,158.0
bShvndep-EC8qToFXM5ouw,115.0
oXIYs7rxT-bdgpeYzBfrzA,270.0
CZJkmKb9ILiToD8Dhct_UQ,1.0
cC4_BKJARFbGu0I25K_Sww,282.0
5KFXU_1XOmuCs0IuA2lTeQ,2.0
zwNLJ2VglfEvGu7DDZjJ4g,552.0
fc4Kr69aeUQ3ItOlbewfCg,0.0
s41EVJ9u62IBi9LZz313cw,72.0
tbMAjldMYhvDUS2gG5Fdxw,101.0
Mkz16U3y232nbwoB94myTw,547.0
Jzz-ZLXsd2ClSn6UyFcbpw,195.0
O2SQOSkXLsWTSQtKmo7nGQ,0.0
RSEWEofaXj5W29C-WuFq4Q,0.0
67Dl9MQcSUNU0OqgsaFs_w,714.0
baIT89GubjGJV1mpn82Eeg,8.0
T30RkAqYAtljfapSghHA1Q,0.0
uZ0C261kg1YgvTMTEmIL0Q,255.0
3G_wGIblXDNRYg4xIe9VZA,0.0
Gy_XiWqkJM8JMaKk_sgXOw,149.0
WEpu2goj7QggSgL_nP2EMg,41.0
sS__otwzn0INyR_5Dimfdg,135.0
GGecutXeoEVlYKoxVo2WPA,280.0
jyZqmlaziZKtPv8AVTzciw,58.0
rNNVuA-xq1SVEQaLzrK4bw,89.0
Ae5S7cr7TlRUMLOa6E6f0A,221.0
zxVw9U56heInhfyprhkxIg,30.0
079CV1EE5WLdQqVEVYFeHQ,152.0
xZhNZb01n9b4e2X7bZdoVQ,1265.0
p4YvOzp42g3JzlXJny8F0g,268.0
Lfo8OEUIcswnMLIAXpFWYg,12.0
rCJ6qFo_liwGPzbupkLhhQ,259.0
-jKhfsXol4FxbRjK8aUsLA,5.0
eznFPTK8qoFLfDr_FZhBpg,22.0
nl9obkTn1W9-NzjGCEMbPA,1.0
_3zIKo5WoLAd3dl7RcioTQ,680.0
pM1XQqVX-oudcm4nnvvQfA,4.0
sgyc0SN3pWJWTYc9w-PVmQ,1.0
Qk36E2wRexicmtcUrEyWsQ,104.0
AUFFJBCh6spwBFJI6SnITg,8.0
FoKx_RP4kUM-aiGo3wlUUw,873.0
ze6VwIX5s3ut4n90xCKY2Q,0.0
z6ttWFTaktvILeMYGNZPtw,0.0
XRtelzecxvhGtG4h7Xdxsw,3.0
8oVyhkGvcFd_pXwvxOzOxQ,9.0
ZB6Tvc8rhTbWvniKRpe9Fg,112.0
XWafv9_J7TUOO4PbEcIFJA,7.0
ePkouyI6uFc9ifEzvxD4jw,4.0
-uYAkAplo7a4WM7c6lDrWQ,120.0
-zRDLAmg2h9uKpNY0OYdVQ,8.0
9zclqTtkncm_ayNJ58iJbg,31.0
-kHQWsdlHfASvHCj59dzGA,17.0
CGgUHkAKU0QBsdGvXxfMuw,7.0
URwrgfuyfpVqgnKwkawlHw,88.0
oVdcOfPFUHae6vRnAEzFFg,0.0
zwmps5SXn30g-f5wqg_r9A,233.0
1rbb8ntTOpSolQv60CGcsQ,29.0
nsEO3MRzYLKfgtID7gvArw,141.0
n62dcL1e8BQA1_kUEYrldQ,123.0
LQ-gMAQLbPVxjrBYCJ1ApQ,26.0
GbLdYTOMHqaCLDTSlgC1lw,0.0
atLCqV8RGezSxgLzcM9HaQ,46.0
8IblwilNlenDVwBbEzQEVg,24.0
a_ai1uMhAqQSYaO_QNmnSw,159.0
trsKoo2b9-nMcXCKn8dlfQ,75.0
aVKBmuvdDmEOgOfqaSF_xA,25.0
DU2btqXJkYR1_V3ix_bb2g,1.0
P0k48-YlKuxskB7ys2Ir0A,9.0
Y92gs-2nwUuioEdtkrOfdw,20.0
KMwv6qK14VZvC-We6l9LCg,27.0
8jWuRoHUFCXPdGVIYHTg5g,1.0
RZjCS8U_UuZaAmo5YawkOg,3.0
Nt0ILbydRyDbE3BPRZCrew,0.0
O00LTi6SV8vCVND_8k1YVw,9.0
6nRbHreAZzP_RDqUyD1FPg,50.0
bc-ODWDxA-CViK8Sho8-Og,13.0
YKImxc9VimLbDl2sQN1BBQ,96.0
pdy6EAcJvZks1hKogxOj6Q,77.0
vNwj8u1KbnKPQFMTd3TDWw,231.0
2p346MdyPISpZ2k-h0GSqg,1.0
vMh4madPU3qhNX7P7d8WGA,1.0
ivUQ3POcIceOW0S4tng5Aw,0.0
EC7NrIHKk6i3US_XJlDWDA,1020.0
ZgglKZaiIPcSUmtGaJoRag,2.0
rOs43_IYn3STyx3UCmlfXQ,26.0
755TvTVJq5Qr38ny9fN7uQ,1264.0
8Tes8QqrvginmtCeddlGMw,0.0
jqAdZf9PJo8lsRskc6T1Sw,1130.0
SPDEoJHYJ80vihu0UhGKfQ,3563.0
qdtfcYMROGZVvYcE9F23yg,213.0
znNyiHZs5TAX64WonjJ4dg,456.0
5pMNyj77S1P3rrT69y1pkQ,1623.0
-o082vExIs0VVNSuZmiTQA,1444.0
fC367v5P1BRSo0DgnpQmJQ,415.0
RmTjXHc2wF645_XlCo2ofw,544.0
3mFBCl1ZuSiMFUWjgCbM4g,2.0
OXyPh_Jm159lwMlebtDeeg,94.0
uanXiHUBGq-6e6n5XwhzhA,191.0
BHMqFvtguSDrZLQPtjZSuA,1135.0
hlDcfzRGfmSmL5LpYcRqKA,206.0
0kag5JGemji05P3oxx4lpg,194.0
5idlmsT1O86_ywGJtqot5w,69.0
kxUo6kQvQVgjIfpbi8hv9g,9.0
PPT6IlArP1ie4rO4haesDw,0.0
uLL2uKqYnPAFwBw11LzDUQ,117.0
0X4D58d_nShvVeN5FeYiHA,0.0
mKf7pIkOYpEhJTqjw4_Fxg,22.0
fQclKmk5G2_g98cDNPvj0g,51.0
VO-p1uczeMbzH8bEAv-RgA,295.0
G7Ull-QUaNXyPwtEErHZ8g,87.0
6C_8Mh4lmLc_QEs3hHleBg,364.0
sKWZ_tAOVMZoC4Qk8_Bd4A,217.0
Nf1ZtgHwg0Mu5lOaJYgDGQ,612.0
EVbEdWYLE9GDpVG97MGw-w,918.0
FtLibezRe7HsT13BLpR-Dg,120.0
3K-niBF_GCeMRrYI9RlT5w,804.0
mKRKhFuJX4nhJykUvZO8hQ,26.0
Vrwc9RPievPfQl4VCReXow,0.0
wd-pzPYNehT6QTsc1qr7pA,315.0
dEq4Yj50tWOSzxqXloahsw,139.0
_V4I3DfzYbIHL77XDaVM-Q,3.0
FOAAgwfA_1sLoSBB1RcJrw,4.0
0ebavvJVXAzKKQ8C9cOt6g,23.0
4z2evNWOBm7b4-7Td0392A,475.0
o56LV-WnalGB0URVvoOh4A,3.0
M9fOuiesoUSaouOqNQ3U2w,205.0
tIauOelAC3BZk_xhMoDBUg,507.0
b65Ugu0VDKDNbLq7sW9RDQ,224.0
s_LBvWoe1Vsfhw3vdmiLuw,3.0
X1qMAbIJBS1D_tVKoWEUFA,32.0
WyeENX8AdrERdFZtVy7uzQ,37.0
4cyhLsjKxhC0x5AjYjZBDw,47.0
wkzWdo1mBqbzR2KPoXtWZw,64.0
7cpPo_fb1TYJ-yoNJGs-kQ,4.0
UGV4Q5CWpKXiWIXaYHrGVw,0.0
65IpGk7kDCsAbphNtQJJRw,47.0
mKmmHENEmK2pVi-4H67mIw,17.0
TRrPVzJ0kJVm-11rYO9faw,10.0
JCmnEGCE5GPQeseGDWOqeQ,0.0
Jtj8qgXzuWKjO2DYIn45dw,46.0
FwuSvfRx_xkWV61VnCy9ug,104.0
scAvBxHq65LO4yshRxDAxQ,0.0
49zLq8sdJsmOM2j5Ojp6sA,107.0
cI7k9zqs_pl3byUDE4cpdA,221.0
OE6y1kddCOo9iQc7RTjTow,0.0
50NTSGbZ3pN5643_K1IReA,658.0
jS3U9iEGnJY7j5oT9iDN7A,415.0
z4K95Y4P5nMrtJiDtXWDYA,346.0
a2NSxkmX0_eqvdwJ2rjPVg,404.0
ropJyZdmv6NeDU2Vz1I_Hg,210.0
nzbQXU2x7O8oucKGthUT3g,385.0
y1VInN5m3RbHU59kiQbmxA,390.0
qDbVUkKMLtRqSDcKgLTx1A,91.0
RScKS72p6_AykRRwZOxqog,0.0
6--gCQ9zYrIMW-VsOM7XdQ,8.0
hVC6E29dg5Rx4ADSxt3kTA,140.0
LKTx0oPOrn_81n6DJpNk5g,17.0
I1Yy-kkooGD2F0ZQxD8-Yw,494.0
aQojV_Rap30A1SB7x31XCQ,0.0
YGaowC1J4GfkQYyYLYWnQQ,0.0
TH_Vr8_LCnAXFDUqSkF-HA,331.0
V2nl8PxQmMD_ecLpjD2sUw,3.0
xceERetY6Q9Pu_BQ32xpeA,118.0
1ePxLE7eU4kRoags_ytAAg,146.0
kxzS-zh5nUNvBzYz2Q47pg,371.0
nBwOIq5KI-zmxp061dTmgw,145.0
1Tj0HSSnPgHOj1alfcoXlQ,664.0
gIno_cXhvn6Om14D0I2vHg,312.0
eZQbDYQTZk0_cBroVxnPWg,126.0
HpRj2Lv27EUQql0POE5sQw,152.0
MbAsfN3wwV22K7GZsgcBqA,367.0
4NpySSkznGaRVye30Pvdzg,49.0
oYfzCy8kUkALFa28og_OsQ,608.0
6a-em_nn7IY-yQV_znkUyg,3.0
PQWE8a6Opjiuzt7DaX2R6Q,1139.0
YaEPtPnEqh3WSsGq7cL44Q,45.0
pk8WK6rThM5mDmcILGRh9g,69.0
JdbYyxufvaU6uwmNg0EqhQ,0.0
xRUQHWCscNqWQzzfO9qN3A,17.0
SgPfkKWoG-23WMWQCT8ymg,80.0
ZQ-7uFQk21NHoOzJfhEjBw,1014.0
g-Q3rLkyGT-TtiRgE-PvgA,130.0
japzjLMfmqsGszf2CG1org,12.0
rntzNd_3Cnr_-hIhxZGXXg,0.0
1Yk-GnszDT9g1E1jnD1sIw,31.0
H49HnyOQZHJSCV6FtIcM8w,1.0
aqbY6f-ZqJ7wnUSll3BxLA,43.0
pVVeN1naE-2cWCfWSbgi7Q,1173.0
LiBnff-ZuzW16zIvZgFOfQ,284.0
VO8ZLZ4NPvwcvdCAp89e0w,370.0
XcOy_IMkPO9jGBox6mHT8w,678.0
omisgpMWACc0eL6rKGjAGQ,0.0
QBLl3bVLWZB4-jS-O_MKug,25.0
cRCYeQOWjveBc0-SHwXCPg,0.0
sNQ5ZaDneM31V6Qe_19d9g,86.0
l683preTG0GIk9XMaHAUNA,1.0
WuUvgtGQW2TNk5lCstq6xQ,1.0
lkHSRUAv1Jv-U4F8ayzk0A,0.0
zTqG5kphUBoFEApnPqeGjA,26.0
LHVfdNRDiQfRpDyHyzvI5A,819.0
TiYTxiykhJdPZvNnXgLcJQ,0.0
urgviU4CGLGVLKTahwuzVg,52.0
xpd4W43hUtoBYc6dzo-xBQ,0.0
nQVPgOqVrNIWhY3F5kS79g,25.0
XpyYSWF-8xi_aZ67RUuk2Q,347.0
N38Sv1e4DF1nsHdZfbcv6w,554.0
krAgdtJ-2CcNGpuwKCbt9A,200.0
htNNxttBjRmRnP4d0XFl-w,3.0
zHAGfBguJRgwEiAQG8B50g,101.0
IUKQ4IUooZQWRhSQdGQI5Q,0.0
F4tueLYscgR4lZJd-e-2-A,762.0
HV_TRGJdMurmJkqkdRGaww,16.0
eVsO9Bx4-fty-uTzWdZKHg,6.0
wleZrwtJNG6nkxMjZpg8vg,3.0
b6hN-WP8_3Jv_cq88QUwCQ,0.0
44YFU284Z3KDEy25QyVoUw,476.0
VZbir-d9wd_Vp4sgeTVcCA,197.0
CtI7MMRF-arzGJxA1nJccQ,1225.0
izMVaoWC6BLx_yKMiy8Tpw,7.0
NikjKN4c0oOJwbjW158xBQ,35.0
w0ILJ3DokhvBOevp_zNnDQ,800.0
7N3MyhBXZxT7vK9bvH0lfg,49.0
bhosqo-Q1xp67iLqrd1Rbw,9.0
ROuiI7sWhEMLodSylU2Qpg,270.0
dg1AUjfuy9VWbfGT12qBmw,231.0
3G4oBmMbsljuOydzmUhOuA,1214.0
Re4lbcGNpkWduWDDsCXUbg,2.0
ibOX3CypYVz0nJhCN5Wmcw,79.0
zrKalMnWJY-lkl2KeQTelQ,7.0
bL6jQdJPaYRcCj4vIuT0eQ,80.0
2uJoVAx6SZBPTu925vy_bQ,8.0
n_n0aT_W10GOPglpzH5atg,39.0
g8ohH7aReWLSUtbLtxnxLw,691.0
Sav4EJZSG7p--09DTHt5mg,0.0
DGqxvWTexSLYN0u86DCpuA,28.0
UN2MzY7bZUF29gvEcp3oYg,0.0
8F9C5vhDlYphBWELUgLkvQ,118.0
BNLFEPZTyhNObVzXsTT0iw,2.0
vQtlv7CEiOjpUqh8Kb7iDQ,2.0
W19GKChSpyRoaBlmNFTiWg,897.0
PmkXtqIcjQGpNShB8yTSrA,29.0
ccgQnsz2AtP9934OdxHe-A,1391.0
nXQWBN0ojBqg_HXh0J2AFA,0.0
W36vefYka0IZAPWygxJtqg,144.0
UkFztgWFkut6fCmfNMuivQ,106.0
SvVtcl-T6vKK1-a2NL6VBA,998.0
CtN7rLdi1nbGaJiKU026Ow,0.0
3aJqrnY4u86F5-Fn_vAy-g,10.0
BB7Zk7p76N029MoOkO4FZQ,1.0
G9-O-eRMtgsw_pfWXVCEfQ,6.0
LsDqrzoRi4pmSuEX8EhsUA,413.0
iRa-394URsOWGfcFqvm1vw,176.0
VzSUgIOcyO7JmTwYDnyivQ,883.0
xlhpQvk4BsiQgn8T-KQKDw,3.0
pODquGPiGwP4-RoY7f4xtA,14.0
7KlpgRjjAmVabPzxcExs0g,4.0
aJR1iUWwNVBM692gq7adBA,58.0
rUfZp5C_j7NxQZxrjyMrvQ,1.0
euKKa7ae0vKnpLmqTUgsQg,505.0
pr2nYg8i4mjW6J2fM-Y5dA,13.0
bBM6OguT_lLYSlq4NaMuzw,26.0
9iujAdopmNdLzjejKROD5Q,0.0
QDRFdG8gPPKL7r4yic8j7Q,591.0
qMNgGd-9gsQDjalAquj4dQ,39.0
CIU0NCEOof6qF6AasxUvTA,0.0
zS3-CKZVVvUYvasJnAg-aA,178.0
GrwvBAEALujIOPQeOfN1vA,758.0
ipxip8n5xVHx_ORLhDwqZA,0.0
SYKIUCvN9JdSkVampgccfA,149.0
SBDq5PMLK0-gPVl-lsLQYw,27.0
DTvcpHf2gGKgSujUVXA7sA,227.0
RyJIi1IP0UQ5qGbwazgsIA,536.0
Ja4stXdNYr39u5CZHMNtjw,2562.0
uP_mkj1Z3aQ3MY2oNgId3Q,1.0
yIiply1esvaWxY36vdh3wA,82.0
u57NiwOgUMb6CFg-meca-w,1039.0
X3qrbOkhdCjm0NTBX7T80Q,788.0
vf-OLMuP-EB1vlqVGUx4CQ,559.0
ydt5yifyYhF5s430llv_Hw,1166.0
Ynm7H4c2ll5vZEX3iLdxmw,53.0
D3ehpx1uKG5aLuaJgztYDg,659.0
rca1HN4qRsZfmpxmlFWNDQ,82.0
P5HtZBRfwsOWIVkCrGqGyw,453.0
ALwfJk1g56dz8ehgYJNrdg,109.0
iRDfCn7MSvEVKZLyzimKpw,0.0
nnQDIQ2FM4EfJW76IbmjfQ,39.0
pNp1FK8JqW8ZMA26YJGXYA,206.0
LyuDnoxI8yiPPmwcF62bfw,4.0
nSTDc9_ETRO9mZwvc-WY9w,14.0
xyskSLRWf5ixBWSYk5hnDQ,31.0
hAioxEk3WU-SzlqIM4TI7w,6.0
T7Z309DN9kbkhFTCCXt1Ag,44.0
9Flt2bgEjCDiP21101zUcg,0.0
45bWSZtniwPRiqlivpS8Og,577.0
en-qw089uyISqOTUJb3dhw,4.0
-rCIoxp7pqN3xY7E3-v56Q,541.0
k0mc788reYpFQ_jjcFLFQw,910.0
4VPjBVJKcxDpr00OMwxSww,266.0
EUg6vHQRLHRw39bmompHcw,1296.0
iHlgAGn8kL1ZWfSgqxNWVg,805.0
biepWr2CGkkit6zNFt2Dpw,0.0
tVVZcFFt3ZlWVE7nptN3EQ,25.0
Hh4qRAOswrmBNWt3wPn8rw,482.0
H-KtEcY90TAPBFkvKZpJ7w,0.0
NRkpayrlWPnj31TZo6uEJA,0.0
0HRNeFrQt31b-lD9kVdHog,13.0
TlwmWPxMOSXOsey0ylMLeQ,0.0
06PiQOUehVOYtDcZRWrA5A,2.0
XBBGRLsPIVeaERwzW4xzGQ,829.0
xed6AtBRqx0BpeHLOiEzBg,62.0
0q8A_jB8ft7vExBQpxL2lg,0.0
s6KtKeubYAa-sY9OC3i58Q,13.0
ofAbFXOMz2-Di7p2oDsfhQ,0.0
Ou753thvsug_rr1jAfzfXg,0.0
7T2Dx26gYKPMFmAWwHgnOA,995.0
SmvbMiF0CX7EFveYPAhowQ,1173.0
4TBSJvehKXHqlC9dOCDwyA,869.0
W537pidoTVQmn9x1GPpxgA,393.0
403dr0KtTbRibcWEA7h0WA,4.0
WOz66UuVsfc2K9GxzfDnGg,1266.0
7XRbA_t8UNxMHkdslLd5Tw,0.0
9mLpkJISzg5G1ImVqqe2QA,89.0
-GUi0xyzwT9KJPS0v96dRA,4.0
i3tQsfpdKoXttqp4CFLA-Q,41.0
5ab4zTLxouz8v7Nhkd3Png,203.0
uBapvMNLJ6dtwJH9HQQamg,238.0
eaKTE4Yo1dCxI9VLIY6HFg,0.0
i7fjQN6oMHwWdIv_V-26gg,254.0
_2BtSatyEAntK56MKWQoCA,46.0
25qudn87oiNYg8jnoi4d1A,1.0
e9QjTA0wa0s6UvLPTnu4cw,2.0
JqMjfqxTffrHMabizYbVPA,5.0
R7-3MCD6_RL_VxN65yCh2Q,139.0
q0rVpseQtPmmVoOPdZ4xMQ,9.0
t6SfYTEvg0o_cfJddsqEcg,661.0
OPFoX64eLMA9QZDjOLLVQg,108.0
iWzGOHoi83SXM43LcRS18w,6.0
Kl4jN1WUFX67JRE40QVrcg,0.0
y83KJBCcnhm-aYqtUJHDHQ,24.0
FG-0gu-R0XFkQNZ_ldJ5jg,800.0
2gI7dlktBQXPZiuOW-HWvw,205.0
OLrcJhNki2C-XzPYNB-BaQ,498.0
EwBOUo676Jtdc5AlEwp5CA,100.0
vhKUBKcOm8zOLxeS3XM9iA,43.0
rEvnqL_h1W1DXdKoujmrgQ,6.0
rk55_OuXryzQTexDlvsa0g,518.0
vY8-P5aeFO4xRoH_mUfQ9A,35.0
vCD4a4nLeafjsNImVrCKXg,112.0
dN2j7NLXmYaTsckj384biw,317.0
UNzUbq9rGMQh3tcPmmxLyA,41.0
BUdPHseUBhZ_3wGW-GX7Mg,2569.0
WQIvHDD4hNa8SDVxdQt56w,434.0
LnKoH4eWM1mznCDOLrEpWQ,2.0
msthZRIAlaAAFzAaS7KkHQ,38.0
aVKOO7rBVo2lCj-KElxp5Q,5.0
NhGkSF9UB3hiDKUY9roHBg,97.0
cg3hmwyf2yP4iA1B67XkyA,291.0
jehTxzjnc_SQ4CDPkiZbXQ,0.0
VoTi4yVhTVyFdmxUpoyUsg,295.0
fo0I_-vX1xNsjS2JcnhlMw,2033.0
sSMRqNmRpd4C56OZoZAfgw,302.0
IJrRJLKS7qxzzVUkh1U5iA,0.0
CBKlwam3LBMcdJ8BG3Jvwg,0.0
Xv3d5FLutLgrlNfcQ7gR-A,1221.0
ccQhq9pSd_5wj1yMwiM7iA,0.0
dNuWjWeEBmPS4xmt2iI-EQ,0.0
lqESOVZ2EcQWMBpoMGHLZQ,3664.0
daqYMX3Y4QR8xl-BUlYBPw,200.0
syQBNfPzUKGnZE6w8cLuYA,151.0
OReE7XFVe8-S8EBU8R3etQ,55.0
pTW_ftmlevgZzUpWztP0Cg,187.0
kxZAnsPao8c3JDqiR0v2ew,886.0
q6igRYs2UTO-4nTwlttrAQ,296.0
1SlvPOQ39vZa9vyeOTiAUA,1.0
wwjkBRfPIzyP9pvi94cH8A,0.0
smdGDx5PS2Nt67FXYAQSUA,6.0
JJhnw7WJDuMHtK5i30EpGQ,438.0
mobHB_VRr8jRqLoR3-sBVw,39.0
8fBmyHKbrqCDLD9at83EgQ,3.0
Todrg1F247iuDIm784XHfA,128.0
qD_JdN9HpuuXtJv4C6jmCw,1944.0
19f_Hyq38r6ycACRw-JG6w,10.0
_YerZzosnwAs6R6p1FNkUQ,3.0
P_8w8zNsJVAGueCaDJTpGg,247.0
xTAVRDQ2JTDJQh2Oiq3LFA,306.0
Pm6f790F7DLgNRF4Ormszg,8.0
jq9gzjKbVWgeMYzA0aFzxw,1856.0
aGm-oWfLLUWxQypES1mv9A,26.0
I8TOosBLYKxZMAYNNyGEyg,10.0
KUIzGuOo6fw2cRAdgFhmew,1.0
70WDApYtMcLlrnb1EUW6fg,329.0
S3RKq5WDrvUO5ss6I2gNVQ,26.0
si0aURvXxdwP04oJqkr_zA,533.0
KBP7x08WfD__BUoE4kY0lg,713.0
-RxkfrFaOLpE6Be3zGfsVg,98.0
QcV8KIPKbGRnWQPql55bKQ,143.0
Rqf6LuH8i0Y8UaSgEzsQTg,5.0
kpsi3RgqZ7D54M5T2hINJA,857.0
rGwnzfCUp23Q5lTkxqZqTg,2.0
Ga2Bt7xfqoggTypWD5VpoQ,18.0
yZrL-0M_ia36JMC2P1cumA,177.0
OYxzmfSSN6Vv2-qomtDPNw,22.0
tVThRKf3tqPqgY7fSnVo8g,2.0
cbm9sq6Wis6T_WmbiFy8Ag,122.0
4KKmloORuH47OySm9Fq6ug,73.0
bVXGCxKYvylArU9JkPkkRQ,454.0
4zsGtAFbuDi30O43O4JWmg,55.0
A3hwreijrD8HcjDI7PIAgg,2329.0
5WtKBzHv1mL2-w1wcz3kpw,136.0
medCzwjjGeReqxOt-iPVTg,10.0
VLcKamUwc65ETV_FIsfr9Q,16.0
xd1JeV7oqs47Fra9qtJoGQ,11.0
GgzafkToX4jRDwZ1RbuPBg,28.0
FH2VUHmICayXwA3Ny_m3xQ,23.0
Qb1tuREKTsyVKO6DiDQXgg,225.0
pzwojvXN9wnsNKDkKhrCGg,314.0
seJ7Hlwr583gNGkT3amzIA,1.0
XfTPG8A1xcDAKLJtF77EvQ,793.0
axFXzhJZei9DKUbsrMHVjg,332.0
-zhywnaBiGRNcr6kbDagBQ,6.0
u4in1KQSQthNHcpDMjC1bw,0.0
EIb85lCA6HMzxdsacYtjGA,0.0
pOOqM-VIRFQrai15OBRxsA,10.0
n481ARQ6xZZtWkLchkFCXw,5.0
bEZalv7kVGhiCd0WK4uFSw,16.0
PEulzjDwcSL_ujv5mRbc4w,28.0
Gq3OgSd5KflKuwNJmuWt7Q,331.0
-TWZ4-AM76pUxPIt47mInw,2.0
KYo0OqRr-q-TM2o66MBJYg,34.0
HORILLsQHEMc5o9bIoDJMA,5.0
K5lajhnoiTXNSkFxjh2Etg,19.0
Fo-Qyaas3tOsA_GE4_lFbQ,294.0
EHgGscaiJBghjZVT9hsBFw,11.0
MhnihE0alud0ereVInSt8Q,99.0
NRtd6t9J4ipB_q737xvyow,45.0
vu49Y9DNbjReqzFWkTI1xQ,5.0
vBV5IbpTgUKuu2HlneE2NA,504.0
lSSUmCtsKU_qYz5NGz979w,3.0
CrM_FY9NIoDWudQYHlO7UQ,16.0
4P6hZh7aieaZJXShzP3JQg,3.0
amuNjN2yc_0HRgbMH5UlKw,2.0
o8xPa5jrETlJwaqkdSeUdw,11.0
MFrCj5Ta-kE2ZxmiY6sFxg,0.0
ZLG7N4VDGzo7V0ViITi93Q,146.0
JrWDbaSUYVBuTeELOWmRCQ,5.0
BDV4499NWVKQgQQ5FjPd8w,13.0
GPs6pPBaRDbavro8uKjo7g,9.0
uBZjhmmqzIwxdTeIKopCEg,0.0
n6IWvkVMWB9OIRZBXh5tHw,1784.0
AoKRsxts46M2bCIqBukirg,12.0
KMBqBh6rMXxcFoV0PxuoDg,0.0
nwHd2MbIGz0SNG8GpFjekw,1091.0
UPF6nUKB_kbMM44xiEc66g,378.0
hasQfeRQ1QKhiIIqCZDrAw,6.0
bU8LfqCBOgSgGrpXTYAVfA,24.0
xRhO5lLaKbxG0IRHwYIc5w,0.0
kA16kUvlhuZNY0QofQoV6A,26.0
5g6fssi_52emmju-vwPahQ,10.0
HshPHJ-OJ0rpVR-okV55Rg,499.0
tbZ-vAxGDlRIp3FWiT4JRw,8.0
HRAJCzcUUE3k_7lwKcyiGA,148.0
yr7tfzFc88ciGvAwAypCqg,22.0
abXiu0BtPjdASwREbsW_pA,29.0
sV7EW4BNZtx4UGayzLQjeQ,0.0
QaMb5uqUmC4Zm4aNVzM8kQ,47.0
fvQNkzGlMgocLDw768gnNA,6.0
zb7cwfZK3SxWb-4V_QuS6Q,1478.0
ti1bb30WwnkDLuVvpTM6fQ,58.0
1-EjdZhVZFuNG6ReBS0rvQ,885.0
tVzPchjHbqWjn8ng7giMiQ,4.0
tFrMJBNNNiqjjpJNGVtMKQ,9.0
HzGeL_H3rkm5W9DkN9FQBw,0.0
6e2LDRIWzAmKb2qq_TnnnA,0.0
HCvSXTYw0WoszrJlffsRSg,1.0
PzLdqoFnSGqj1sOH2T3Cqg,0.0
Rmj0NYF_Id_2rZzocx-Vyw,0.0
ZJufvkLNtlAsQU9h_ttdNg,0.0
8GC_bLQu_ui9a_Wtb335Jw,0.0
u-urH3ZDub-EkXe4frPkaQ,0.0
DM9H5RsgwJM6rEYDJbITLQ,14.0
PTDMAKBZze2QpZPc8mQD0w,1.0
7IQoE-EXnRCBUzaVHYlhmw,5.0
FjJDg7ekmYGYxanzP8-efA,692.0
n5BPR_prEPB4B3lxUpoX4g,0.0
K-haZKqNHIJwWlFvbnn7vA,392.0
M4f1JtOp03-gv8xR5JtV8Q,0.0
XggUqVcri5eth2_ZqILqqA,3.0
zRr45TrTgq8XAKwvjM0W_Q,0.0
SRz9Q_jiOIO3ZVEtRSOnag,1.0
g-ftCJsLjDZgYzrjUf7gng,1.0
8ys-TIaQkgc0K9FZzzPKWg,0.0
JxUe37ZhYlfi5_0hUaJ_oQ,0.0
Pgay5a3ZPZB_5ijSHAGoyA,0.0
y52rX6iyCjLTWxDjZq405g,2.0
hf2oiNqYYWoF2-iNYSnOMg,1.0
wNgzPOtnHE1prmh3bzWR1g,10.0
8jgeq1g94jJoZNktsMSruA,0.0
5YUoTimGDPbbmRfw6SJgTQ,6.0
eZkD1yUKQA6mAfBJTJPD6w,1.0
HNW4P0jAhXYRJ_op7OcWCw,0.0
OgM-BL1BrQ-F5d433wVUmA,0.0
asAHqgKQtCWiBbC3XriSIQ,1.0
fogKzrlNqkKVGz3V8wId-w,5.0
NpjFkuhBX-LU-hf_FnJzKg,0.0
DWZ0-MtRSJJjHe9VV7yl5A,37.0
REzVrw0MaOaYkA7YQe_xFg,0.0
HRutX5rNVw49WtkuaqW-ZQ,45.0
VCqlP9aEIFe7vfgXWpZs3g,1.0
IW4mxZ40duTNOLZuXwf8-g,219.0
yALlUmXryvR3oNsE3cJEBw,2.0
gz87Wa7QUZ3gNlgE9NVPAA,0.0
HidSAIhDmpVf38qriIi4hQ,0.0
VXKIx4WUGw3jNad0BOcFYQ,1.0
5wr_UtUUdF8L2UlaD1DhNQ,2.0
o5rtJcyJ6xje1PFj_rhRTA,0.0
tE4H7SuEBCdF8O-BMAAB6g,19.0
zc0I2evMOPKNuu1mlm_tsQ,0.0
gcYwWmzzzC4raKZ5FoTsNw,0.0
9QnlJICgw57Xl1r7ZBKUWQ,1.0
ckZg3KVwR9FrAR1KtTavEQ,0.0
Lw2vlPixPe72lDp9Cx6GoA,2.0
kolFb44M7k9c0-tZL2D_Cg,0.0
esF6vzW_Owwxj3s5I6nlvg,1.0
7Ny6x4wX1JJLqdVeKQ1JYg,0.0
1sZRrH4lZwUzeCJabZEBQQ,0.0
qjWiqyYCiEUnmb16TlDIyQ,24.0
J0UG_QARO4bwYlxfosP2aw,0.0
pctgz0-aQh6fdUF-vKaChA,1.0
j6BfGByroCB585NPUnIHBg,0.0
YajT7NNbaexIbXpUuQ8a9A,0.0
ryCpLx4jaTkkkaGXg5jvBQ,0.0
5zzuzWbt9_YrL95EIHobLA,5.0
fHCu2seSfCZRxbBGzTRf8A,0.0
qf4w82L2F7xJwh1i82uYHA,2.0
TdjydrOFUSMUsTKdlXW6aQ,4.0
aX2yKumIlyMLbDvA4dVbHA,2.0
ju1jDr9nF0YCeTNKMYXPVA,4.0
Yuml4M6_FKQNaLlOEt1udw,3.0
Gn06kr2XLQo_sIxzGkjIGg,0.0
wonQ-ZsUKzCMF9Er3uGF8A,11.0
XVhI4DbI7mbpySm_jTS18A,0.0
YufWhkZQPC6As55MuXTU8g,0.0
8dSKEPQn0pmZEmWTKZI81Q,37.0
LqnKUCoiQksIPaO0qFkuGg,0.0
ZFk_O8gSM-imjgsQX7wjmg,5.0
cKDql3YTCVyh2ljA21yE2A,34.0
4NkEWTs76FplOihc-qyBZQ,1.0
xzepzXckoEc_QwYqlcfDqQ,1.0
cAeaXtAQrbRGVcNTdjFg7A,57.0
qThJY-H6Fo8HvfdIvwrjiw,39.0
2E4-roWTD-0LR63xjokYRQ,2.0
nMV7Sn15I87tDlHJiSE92A,24.0
xePC2Iu32dgHzP892OHIUw,0.0
kh3TssJEjg9_ACJvom5RzQ,0.0
0hQIVAQNkvAKIK9MQTNAHA,2.0
atFz8sqG_9ZxRa475tYhIA,5.0
1h1EGiDCoKQnL-VmRHIagw,21.0
4mb7Wj8RAzCx8CRf4V5jHA,0.0
gMYIMk9hpkNKTbdfP0MYRQ,6.0
ym7uH6ZpCfKQ1Of7eaYGCA,9.0
6yYLF5uu2mBs6xFEWOJO6w,0.0
WHQA1tr0dztKcCQUtTT3sg,4.0
dYv_CRbiWPhSG_V4ZlTIQg,0.0
JivnTufhK1Jr5ycYvdiDTA,6.0
4H7Olit19_wdu14hJI-tiw,2.0
8WwGP-B3Zxh_03FxZ3gC-g,1.0
tYRXT7VdchMAvOUU01emMA,1.0
MtxfrJwF-OTvJGyWV1PfzQ,28.0
AEYNihHmGIjmUciRFo3qwA,12.0
dZ4haBsXeESSij53suTQ2w,5.0
BHmWj2gagqO0_UHMvgOydw,16.0
jVXa8Qzn5BehtN2iEVJNHw,3.0
lQAGjzAA_D5d3i93xndl9w,6.0
NncAp8--EVrBhZWTBrBUAA,0.0
n6AxJR-ey2_DgAJPZfEvfQ,2.0
1s28O8UuTAmJb5IDz3MY3w,6.0
kmq0Y15icHK36kpJyho_Zw,0.0
bEv2oci0MMyb3RKwOiYYhw,7.0
BAbRAGFnht4BM0QG_OM1Og,2.0
U3D3yO7bGVqIOOPnqHhuWA,0.0
wemlXDzXyS28HMJaVaxVhg,0.0
cTkya76AXsXylIyl5bFn4w,1.0
y4jOgvovJ8JX3yRSzu7yUg,1.0
wknp5VJ8sz0-AsLkOI9CAA,3.0
U58ps0CjXxXDCX15Vh1X9g,1711.0
Hi9Mq6SkJRU9E0YzPAl7PQ,400.0
RYzJr_ZeSCLaAW6TBR86zQ,13.0
xjViuMrrApPM6Rnz8ovOVw,7.0
wayqhsppiye7lU3Ml_OzBg,5.0
5Oh4E8lTlAHzs4hrjsLFOA,0.0
nBeiSQ3AbRFPaWkdsRvhVA,24.0
ZcYBeh-_ubSsZLJA97PSLA,0.0
IhbvQcaLJh80JhJA-OPv1w,32.0
5b8x_kMnx_r_1_UOyD_poQ,0.0
AcGRSWCpb7YB95MTsHlGEw,0.0
Z2cyw4t6zU2g20lOEFaO_g,2.0
LYBimndA7OQQptmaJ-Eipg,1.0
c7JoAt6a3Ufkpn3TrGU23A,6.0
77FYW55qBiRAMZRxdIKApA,8.0
tnsYhfPdHo-ekvD6GL6B4Q,1.0
e9SyVTA-4cePHuc-pOdwQw,2.0
MwsGayIlUkXQ46mkmV3jlA,0.0
tZ1CII-IQ6LgUWdDexDUAg,17.0
ECmphS3zwUcqWhnbhOZoUg,0.0
ml6ywXGUjw0fVyqq7UEaYg,3.0
invcm-tJDiT_tbUcn4C-lQ,4.0
g5gsVNCu8uGwp4K0wqgnfw,0.0
6VZ4T_BnTl8swN-g06ZVYg,1.0
wkMAYHXHj_vuVJFcSHBt3w,377.0
O9gFYCf_BU56KhLByawYWg,0.0
GleKsaGVEkr8iq-x3mXWog,0.0
vYRxMRpdUES85ZEpiQwjgg,0.0
rwscnQMpddjkVNaJQhNuHw,11.0
irje9nJnDy6GbfU84v0N4Q,1451.0
2F2xrnxCJ_WdXfWGxJcn_g,3.0
gazJFJoMqPP_aG76kAWcYw,6.0
i4Z5pJOl_EYmq7gbiF91Xw,2.0
iUbDIvZ0FuATXmnCkk0KeQ,1.0
ftBEUG9M2x0j4Pm7APaXBw,0.0
Gkhi0IkGAIls6YgXBSdZqQ,5.0
ZqP_j4ZTFSN5dkHYF0Lobw,0.0
KK_ovCevQ9pHRoYazSSsUg,1.0
ykAYT-7tSu9kiPhqxjWTrg,0.0
mtSPx0N7fVF0NfZ2oCNbeQ,0.0
Aec2zpXw8O5bsO3qEG5NZQ,93.0
00liP5s4IKsq97EH4Cc0Tw,918.0
bWq5fLpzPAf_97E4_LuXJA,0.0
dunZ7E-LwPvkAS6ERVa8gw,1.0
XKOAi4J47i-YEhhHfKkPRQ,2.0
nCJMgK00U7J3MyjLqZOSeQ,5.0
pjU3gFUGaeNvEM_Q__NjtQ,292.0
to2cGMKdaw7ZHbXMzpfhlA,3.0
9MMxOuaRpef7ckyH4WupcQ,2.0
DhbtTQMTkkmCSt0nBTGCMw,3.0
AMWMEXmwrODR1X2G3V9Q0A,0.0
toc31C-Qy2smSq0A7Q8FgA,1.0
dDfkHPMICXOaBXQ9RhZgBg,500.0
55LdBLn7CXbWwhD06Zn_0Q,8.0
rChZSzCmTIzlLSq0MpqFtA,775.0
oGNEP0jwqXbr1PVfRXYQBg,0.0
aKpFO1C0-1MlirhCffUt-w,0.0
kbq9QlIprqKpIWXZEXtGSA,1.0
CUn59grUqyROxhSyfjjhHw,7.0
WeYwoqzhYNJYXGJ32Pb5wQ,0.0
_Mt217a3ia0TDuNRDFY6Tw,1.0
hTe5SavBjp3zRulupZSJew,323.0
6WlXmH4A3xi3c5gXu6XR7g,185.0
e4iYJVyoUAKlitSnxjgwbg,4.0
DjlSMGIeQNq3huXiBpFhUA,2.0
oq3_SSdu6ivLRjlZ4utOVg,4.0
sl5ak_xmGQmk7pYEIw5cEA,206.0
870wJgRZMQLt9jNN8-RgQg,0.0
fuQpzuHPLt8pnJ49j74qCQ,3.0
oWsin1_mfmidGnnTV7NNTw,3.0
ghVWzVyEUW1BA_WBX-P5aQ,31.0
S7mYKh4k_Wd1oCgS2Le4CQ,9.0
5eLBA2XJVEcAiT9s5TzhbQ,103.0
OW9CcNpg336qpnnJr-bIUQ,0.0
VZpzm3HG_YXPHvY97m05qg,11.0
1jdiIc69VElLkloLKY0RAg,19.0
Hu4982iLVNhBy3HI3s_22g,49.0
_-QrdVYJbebaC2qschZ6iQ,5.0
d9N9po3OjG4AjyxOylFnmQ,9.0
K-0pdH5hZQVeoUmYSNygQw,18.0
Wc1i5QsTKheJq6lstPAllA,2.0
i5vy3X8WBjQ-F7P8HqC7KA,2.0
D1J0-sFI1ul-9l3CwjvvwA,3.0
4NxIM5xpIEem1IkEkz2I7Q,157.0
wD7Qg9eounsAtUZjlMZOuA,2.0
G3u4eA85qY8t3LWtiU27qQ,3.0
HBjjGbfBvZ1FU1AaUWyJYQ,2.0
-vb_yx5QnIhpXUIdPVD2og,1.0
Rmw9HB35S9qobQKN6bXgmA,3.0
32u4chtkG4fIa52396iOhw,5.0
TjZo2v8i7d4omCovsFA2pg,0.0
uX0qfWBvCbXHFIAsMYjmXg,3.0
2dUXkonsAdoXKAalTnmlig,40.0
MD5aTUMKi-Qk0-jr3xRgng,2.0
lUSAupdaVSoEaUO63RdPZA,10.0
PAcD5cYk9yFtgUYvejaVfQ,1.0
oeGABTHjS2EEJg9j7WIHoA,135.0
Ru09o7KDyRyRX_Le3eHjNQ,24.0
VR2LTEsJByan97fcYRkl5w,5.0
9J-Vg2-uqjreSRtITaDlMg,0.0
mbZe40oM-Ha-Q_qWh49-Mg,68.0
Jd-XHSl0t0JWotORH0IsSg,15.0
y6Dih1p0JqNuyfw9dQJ8_g,3.0
QzvLnOqwH6BIY_jCOvzuQQ,8.0
IXH_aorv1x88UfRZrYDz4g,76.0
vlcrr8ekoIMMsG6y_sC5qA,283.0
k9iaLNexdMN28-ilFSle9w,17.0
j-DYRh_l3sv6MKhfaiidXA,1.0
ytYtMuk0URV6tk9m0zhDoA,2.0
YcBwAXYRqitWrDuvPEaWew,4.0
yBxzqKXHhvNVaFnEOd4f7Q,102.0
px2l_fl2_LlVthj50T7o2g,9.0
25PEf9-e8_7phdV7JjOHhA,12.0
W3h2jT0S-0986_B-ETFKmA,0.0
6WE1SLCq_gUzJGQpglYM9A,0.0
kYtk8YSBtSuwXcvfoRMyoA,2.0
V6u7__4jbEDOgWR8K6qUSw,3.0
_ZAyDn90y0GppJQZ2Ah2Yw,7.0
QMPDsRxHmDtap9ECO1Uwjg,73.0
UXkD2CbW8BnTpYyUTsrCTQ,252.0
qqJkYCUIzGvmtOVtnxznfw,3.0
iQrOVQFtcoV0itpyUPVuDQ,659.0
6zuRum92Zg4G__ml6NceKg,1.0
7NvIgf7XW55OKa5ZU7gw8Q,11.0
biFv9mXsP0V4omBUy1Z-MA,22.0
2kWrSFkIes_d2BMg4YrRtA,3.0
4QAgHOm7BE5yZupy0j-NJQ,321.0
4SWx95nlvFKzI9uzpQ6wjQ,16.0
F3iG7XyIsojEfFFMGXAVEQ,0.0
v7xjDbezQ2xw95itvN244Q,52.0
mvWhlMnXXidb1R2krK25VQ,0.0
_p5oMYHQ4QIOqId1rehUzg,20.0
TAqpvnHOb9PGBqMRepk1Dw,549.0
kkD5pal9rRzE4PjeYSL9mA,39.0
Hg3pn4JwDD0Mm_Hxr-at2w,0.0
haa0u6VwTWBXbIW0mxlSGw,5.0
NitDzP6JJB_j0rR1e_-4HA,97.0
iQOjQH30LFsj6aO3wJG7nQ,3.0
sZ3AWH6WPq38fEKijvl9vA,6.0
cJ9BqupaJVeCTQQBWA3PAw,1.0
Tw1CgJ8MHax1orR3gBJl7g,1.0
ucv_SCACwuW4wEOudO_xyg,2.0
01aNlDhbMObjc9OdAHuNpQ,21.0
mKNzA_CjO3NXcCn9RphHiw,71.0
hvuKpdYWyoFm6abwfQiipQ,3.0
e4Z9C7iGhQtw5afAcLBdtw,387.0
uWrrQ8Rk2uM2WqPMi7EDag,159.0
WwBadFHFU-81RJAKtTgB_Q,27.0
pzhjeutsSFcFEDbLp67oeg,2.0
h9JtnWjxRaL6tB3zNCkgKA,2.0
LbF_zey7TEP1wKLtyhv3iA,1.0
OioKDmq7U1WFMqaPWGUR3A,2.0
crGdKSRKi25R2vorZ7skzg,0.0
ka5SLblwtXqYu2MPNr7C_w,35.0
Q8bBWMMSqCQYM5DW9lA9JQ,8.0
Qvjy0HpGCLM7XBZjNeMc3w,1328.0
H7liERB1ZJbaIDVcuK16oA,4.0
5qK5rJxwo0cjP3vTf3lkSA,1.0
inkeT1aob-iZWbj3o_UQCA,0.0
ewWGrjlWHkXXBsLinpauKQ,353.0
kGU2-r-615GNDzS-JZ6zHw,61.0
k41bo3i0k-PXQAKvVOLi_g,1290.0
iCQpiavjjPzJ5_3gPD5Ebg,14895.0
rbFN_V-vzHLSX0XOLrMkIw,295.0
YMoOYH8hQG5lxUUkh1uusQ,9.0
1nqfF7z_bAnODz7cJ-uekA,10.0
h84tU6REsM1VzyUCP0Ss7Q,174.0
FiQBP9L3HIAA4bTT9sKQKg,135.0
9t_kFVG77fs0qUA-MsvZHg,689.0
nllz_CryvbKJg1MX8sh_Kg,0.0
YnvUFIZVvxsL5L4PEmWcUQ,1.0
J5tGb5yI9-bMEohZrtf0SQ,3.0
CpUfCSFoTNlZRzzz5U9V0w,3.0
bsme1TUoEQt5EDF7O6HBrg,24.0
qSN504OGvbnoucXcYZlnTQ,0.0
mo78R4hiF5JDcxpnLljEXg,7.0
0S4mVrhhSfTsKRtBF_W_BQ,29.0
TXcVQfX4J0NqKRqgDBgWOA,0.0
oTTBpDELlpgMah1o0OIbvA,0.0
7kjQBf9FvS-wUXawx965QQ,0.0
t181Pejkkaos8n7HW8YYCg,5.0
Kxlt3ZNmTzbxRFYelWAmKA,0.0
i5A6Bb9SpaYb3_Yr40Pk2g,4.0
PbOQlLSloU5Zkpth5I3cjA,0.0
WzxEswO59pWGodBe6k-0Cg,1.0
hkYRgPoWUQXJ8iHXSqvFZA,0.0
ZPm6lZlNO9iG1_v0GF_Gqw,0.0
MJXN25eWW0U4E5aVUlAFCw,9.0
SkxDv7IpQWu8xvIPK92PuA,1.0
vvyr4r16lx5hjHJpaFJ8kw,1.0
OPIX1wTOll0aZT08Wr6sDw,3.0
Yu4_CF-0gY89rm5KR16z0A,68.0
vaOeSb5w8uCZFhyrU8VfJQ,0.0
x0yfZo7V6WDEE6voAKpC1w,1.0
m5t6Ork5uMHRvIlCmP6ULQ,1.0
mGb55Zvkb3D8yooZpRkz3w,1.0
QvKN1zh_BCFai6oDCx3d_g,0.0
Y3RWEmu4ykuc2LvG3Qv9Ew,1.0
uXjc2pnnhHXL-gXYYP0nWg,2.0
KeKvq5TVppF8fnFkmiiqIQ,1.0
rbH0HuTcBvZBbiAnqufRqQ,544.0
F1PMcEIg-FHZvwhiUoFEgw,1001.0
2Yq-Y-tDroP7mdDfcWJLCQ,1016.0
WqHpTx3gHTx8ud8RxSyYOw,36.0
V1cWGBZLQLyIiyo0iUOnyg,2664.0
keQlXWfz2K7GukqaReVyow,186.0
LpGCzgAKNSpzDNEUMVVtZA,2279.0
APkr8bzYE0xiePqmAqPzYg,1.0
jl3X1Mq5capOLWGQ6NFJVQ,1.0
1qmOv8jPJ2kwHxX2DhPxYg,0.0
xF7jYxQouhX3OWNR8QRDkw,45.0
E_DXCeVllZtHV93hsAIZvw,367.0
0dr1FgqQSEMbaTu9SDqiIg,205.0
SknYYIK1rBNgYqNl4tYUPA,149.0
_UsAsuvgMCIoiutWDDma5A,9.0
ExDYoLUru6wMcAmcSYwM3w,86.0
eDHI182_jkKnJSFDjUlK-g,911.0
-u0rjFgBL33tgSl-zTn85g,4.0
9_B3nY3KlHW1WDvOeMk9GA,1.0
58c9tCvjkDRONJq8h6NLzg,0.0
BNzcfz3jmBo_1wUB5YIsXg,17.0
7SfpjStnkYSPZwEDSklHWA,12.0
dAcaMSkrpYUZocqrLvOzRQ,164.0
8OaXvfag7E7oznV4rVb7vg,180.0
EOdsWTj2jtrPshsnth3Y_g,712.0
IWf4-jLcIUxSNbVKcU_-xw,20.0
KuZJcLIe3r0zO0x5TlmsKw,118.0
OD09pm-MzynigAvD5KoGPA,381.0
VSjzy2RF0ojIVCSyEoTnXA,270.0
WQ7Qys-keM0MCO7IGpEduQ,184.0
oVji4RtNNaGJU119CaCU1w,630.0
b9kQOV8VK_ecGYVoIQiHrg,0.0
THcAGc-Fb8gqmA1V-KvFkw,45.0
-DrDzpZaMrNnH55ZVyTXRQ,494.0
uFre_WMHGbNC_hCtBwM-dg,5.0
hkeHIe-JaUK5S5dUHgrBbA,64.0
rLJsrXyY61bouCfH58PKIA,2.0
6_KCUxu2kOgP-pRnSNXG8Q,9.0
9z3fqEeQXfxdF_sqkpPsSA,2.0
Jb82hvduu8CA6DzEvnqHyQ,289.0
-9Ir5OiFiOszIgeFgalXcw,309.0
v0KawuAO7clhXCDKobFs0g,76.0
zpaXQga1MIqPc5nAWZXtdQ,39.0
3rkxTx8DoZSl7_FryhXCVQ,140.0
kiU9C58n7dgygdrpjOQXMQ,168.0
YIbsxjyP2jNzoH9RlxaSYA,2.0
SlQNMsVEOSxN-ciIn93LOw,116.0
RwjXkBVbNAs9AvcTZb_kDg,21.0
xwoM2Zc38DFKv3-8dCU8Pw,22.0
Mge4KiFP09sWeKpbM6J65w,2.0
FiG8PzWKRYehtPPcPtOStw,595.0
4A_KR6E3ziZvuNVruEJ2lA,0.0
ZD7Lsh0v407nh3L7v2vqxQ,0.0
8wFiWvlfOVt1zvAvsoLw2g,4.0
wVnTsX7yDWI7pjED4xa9Dg,33.0
Z67fSDd2j_BNG5qQjpFCaw,3.0
rx1AEnleVRWMNz6vB-YhfQ,179.0
O1RT7gIIFGwGE9OKS7dotA,0.0
6RtRYRIByWccvjoaHlXBDg,16.0
-cxD1NimFldATDUsN-oa3A,47.0
IrDBZjJvYUCvdOgE2DE0iQ,167.0
yyOuY5jf_O-BNtLGPnV0gw,2.0
oAngC9V69vyzBVYwKEJQaw,285.0
y2Fb2A2xGL7VraoVCFOL4w,1.0
2ERnU_ihjdwusbdlXSf3gg,4.0
ns7l8kUDyLnrvWRNACZ6uA,266.0
TH34Fsp9fkARGhKa6u3qrQ,346.0
jV5m3azDlev20jU8iS7oAg,4.0
MxXo4qc5lXAbis-umS_2pw,0.0
RwMLuOkImBIqqYj4SSKSPg,6654.0
cf0LXwdYZ_9y0BVK-un9ow,97.0
2wCzZUwcqRRBrAtBBYxnog,0.0
SaCZIOra8E5C9QMjzDsuNQ,2.0
a2ACZqoFUxxd-rXsAac2MQ,0.0
eU_XJ4uNAlRoH4tNfWtz9g,3.0
QXPjl1G5XxlJhc8vaH2NLg,0.0
794S5anOvXONmkZ1n7Mu7Q,372.0
QWbP1vKQOFjN-6pr0-78zQ,203.0
I5RoKagQjGYCWgY4_fK_rQ,265.0
4JkGjRRc3XucG9U8XwthGg,78.0
td-NOo-k4xhfVmO5X92uAg,584.0
tgDUi6vtF1cI3DQe5sqQBw,0.0
KmvwcEle06KNfNhyV-QO1A,21.0
mFRfXEWf2KgRolCEj2lDUw,70.0
bjr8Uyi-r6xDeXVAhSX-cA,3.0
0nlocywsFHQmEt8_xbHNiw,152.0
pgSnP1h1Hg7O4nEGfxVHZw,71.0
28hruDLwF_5s0QtDWH4rpg,5.0
OYGI2_AIa7hN9oyNQ6qLyA,477.0
h-whOh2Bu2rL6zjvXXVtog,4.0
cFL5Uu0XxIH4OdbKXXoGCQ,10.0
5uk8eUTiRS_Y5p_EjnrfkQ,27.0
L7wyRIU1j9vRnoEs7DmatA,3.0
3nf-a84p8LC41_WAIvJPjg,947.0
KjjNv4YFzBFnsBh2ncH1Iw,163.0
uBs1-3FNDhKN-BBP27erFw,1.0
ftia7qU_2jo3dpYvvXDrpw,36.0
oFZtsd8os5LA-Vj8fRxh-g,17.0
mEYWBW6b01P9zLZZiLjaeg,0.0
WL7yAF4XnxqjBDd98idApg,1.0
2qc-hhb4QrwcavplOb26rw,18.0
lc9RZgA1FYbaJp4JQ4gm0Q,2.0
7xmuQuhpzBlkkSbWePFeVQ,287.0
QvvcftkmPXdsBMbhGY293w,0.0
2uUPHRP9NZbXGNd6PbzZQQ,26.0
YEVN6-6z7PL5cDeWx9I8OQ,3.0
jJzs7yTkNbsmNJDCElL4dA,3.0
e8cFfRySb8n9lMXRnyzeIA,0.0
LLGGe9k7NTVy1Z2wH1_Uew,5.0
b8ublvizuqIw3Ib8pK4fDw,412.0
q4DLDjUMONoF_uT4pXirYw,16.0
QpOAv584eb-ecG4TLEm95g,316.0
HWjqW5ZFJ8eZRQuHcpySQA,27.0
2FWFAqM-jqKUU8WqHSp-LQ,11.0
5UaVi_cwnoAvIBp0g4aF2Q,0.0
HPtTqirOkZArADg2FLr0eg,58.0
Ozf92eEJSwwb3LbO50cvag,107.0
rgnvT2gHHfW_jW1ZbIa_-g,151.0
Lvg2y48cv7xFUJBqoUXmvw,3.0
8YjfILsV0xu84t0aTiceig,64.0
7RP9tIc5YjxSM0QK6u1Hsg,0.0
AYL_y8ahquUW0o-cvIyLbg,74.0
-oOKqZbYDt08zaWWyLZNIw,91.0
5BKP0DY4K79h9sd7THpeBw,350.0
1eJ7yIzSAjwC145fnHD5Xw,225.0
6U5QlK84UmPUgoJAwAcL9Q,14.0
UQtV1plcxfLTlvKeLPv63Q,300.0
fiRbomFAAtfTYOTTtnDUcA,228.0
7xHbnGo4MXFkBm6gYSu_xg,121.0
VUIkepUdEJRmFCI72DtdZw,0.0
EkOqxlglUpw9YUdnTbbJKg,15.0
Srl3TFbOAfa-9_1m_wK6xQ,5.0
FIjAC4p1pQbRsgDwf70ZZw,207.0
_m0RpgtUHumT6gN0wWV4vQ,0.0
WqjHEdAftag4ixm09POepQ,28.0
0eZHVYDyACtVVOIgoBlV3g,68.0
im3uP8td_AEUFVyW_t_VSQ,309.0
E61BFeXifxFdOcq49ZCLRA,14.0
izzrCdvwa1TT8rBsE7Ch7w,1.0
u12EUBQJoPDtyPQyKa7zTw,0.0
gQnOzzIX94qZBzyYExlM0A,108.0
cKgUCzMGuRgkbKXUsgeXUw,2348.0
SXzJL5egnVXurANcg-G28A,94.0
jpBOoa3qNwsbVkdS2cdYSg,84.0
HBvaHgTOvOi6Ir_qmpCazA,0.0
Yngg8DqDwPvWEq4oTRQGNA,160.0
20vCzyibdvXOxW42h9v_MQ,71.0
ZrGmqa0L68xR_Xq8_vJNcA,24.0
0a5jrIXBKH5aRtQzh728qg,0.0
ScZ6USN3-uw9Rb9Jl97_MQ,9.0
Cv6U-7HrrkKuh-_ec7EktQ,18.0
GEpavUjzVf5ATsGYkPu0WA,74.0
v04EmZIqReWVD_Ri3rofUA,22.0
pgDGaiagrPNUSe9sClqT1g,0.0
6e0Abng1LRexKI4LRJTX_A,119.0
o9k4l0uD02EdsbVio_XbGQ,0.0
h3BoyKFgStjnBeKO-wLmIg,22.0
R04xgckeoM4d2AR9X4bL5Q,5.0
IcnJlauqhHfelo_qp9uKuw,1.0
P8lGz3aiwedtGQWrifuBTA,0.0
kdpMYLkQjrSr6k-51zW28Q,879.0
OQcvO5P3gH0cuJ-bPXwfQQ,28.0
szeG61Jn4dFrLqhZy0m_ug,31.0
aGl6ey1bOn2cqguYMIZyFw,0.0
s36Rk0jd78z75LaqifnU3Q,106.0
SvNzj0dE6UMFfp55bIze_A,48.0
wLaY0Tp4P1idAu4NUpdOSA,10.0
e4x3bLi6FXxi5Qkq3yUUnw,0.0
zWKpPyzm0W9N5OEPDuwgMA,402.0
J121PGT4oi5AqVbtMoEfVw,3.0
WTv4tytSf7b_rdjyoFPDYw,53.0
insFaJ9N3H7-_x3WVxTCVQ,71.0
02eESJZNF3qigrJ3GNRgIQ,5.0
KW5qy8mKBpgd2xL_5w7Mzg,3.0
rFISXBrHNGywTL0l-VxqPA,87.0
l_ph7O9NYyEjMwpSc_TLTw,3.0
bzoIlWnc3-E3jZCn_VfkhA,16.0
UZ34XAw1GJ3chCOuKL69Mg,157.0
qi3JiaD6bzjsE22HFIrpng,162.0
mWEltFSw33nARGPLvZiAJw,8.0
G0F3kmnES1i8a9Vp78ct7w,1.0
YSYDJTCt5kzY2kKnLNGRiA,2120.0
-uRn5Hf1uo4vf3UTtOvIfA,35.0
_HU30V8E6vuENIDsb0r82A,3.0
QIELh9m9aefbDtIL_mOsMw,9.0
K6h0y_nilh7kTeXmG_Q0pw,159.0
GDsgQywUMunaLcu0RkotZA,0.0
pUhU5ohYv65g8B47dTXAKA,243.0
WI3NsQP7qFSI_ex4kl5iyQ,0.0
YsGN4k4N4a5LWxe6H-yviA,11.0
pmsGwCJoMjtj-wwP78PIWQ,73.0
Sqhue_kRrNXmp0gw_Kjy3A,447.0
MGwWap1dAOOyVo3xtpC2zQ,38.0
4i9CA7okUpwlbU2p4Ey0Jw,0.0
1pOqoAixFXrVci0kSZnbzQ,1.0
AhQu7mLtmGlp8U2I-SV_jA,10.0
ZxO1vuGoiCzir1r9Ma3BfQ,34.0
ots7CgnVUu7f9qNiZCXw7w,1.0
UslSiDSUTCaq62FMpWK6Lw,1.0
V7J2KXLaTX6d3oKnWxRYqw,435.0
HFSyU3JO8PAg34BCsPMo0g,120.0
D8mYmgfiygppd6hsCQdS-A,16.0
Ji35uFlQyOpKjMFNKwp4mw,21.0
OyJDaAAMr220qkZsovCARQ,563.0
PeLzCf2_GZlNZns2PLBueA,6.0
KgcKoYiZdwFJ158Gx3UJyQ,67.0
LA9j7bDQLkDmLspdHwL3Bg,86.0
0uhgtpLf__CnZB1ggPVzSQ,0.0
zMGhPbrOnbPcYCUqenGMFw,31.0
QAXFkN4iDiC1HUrkOiAAKA,0.0
HNQzTcyaW3PwJ2oC8vKWHw,3.0
UtWd3LMEktL51UJyUwYwjA,0.0
HRZfoNssELsHN0SMmYoMsw,1.0
JJDujDLx_jqdk3m-kM9L8g,435.0
lpD3xIYuVaQA8xRSlKwn-Q,173.0
vw6WWSFqJmeeQr-MUpAMUg,264.0
LtPnsCPkCb41VG5fQr18IQ,8.0
6PtDrXXQK9JyrN7M4nvZyA,3.0
1JtneT5bWWd7JRqv1shMzw,0.0
svPjZWp4Pa32fwI2gNlxJg,14.0
JLh_3ID6DaKvmD_2hQ6J-w,8.0
dXI95VscrvdWu5qu6CjnWQ,3.0
phTLTkqSvylLkmz5wAwhTw,4.0
WPkRg0eaJZFbyXm0uNb1ZA,164.0
WgvJcTe_RdlIfnvxEzn2Mg,250.0
mJFdBXviC-1YRtY51XnS6A,323.0
YjmbCvygeMj9dfJp6neQ_A,7.0
DUAKXNEh7c2v8mu8nWKYOg,23.0
0wr58lAX4e_UX0CZfeEoKA,1296.0
UkM9xM8SkHzMe_x5zl0MhQ,174.0
SJVrnBT80VtUScxxIofB-A,16.0
KvD5ztamryDcuYTIBfAy7g,11.0
RRUyGOb4MDlPLNHIq9gMRg,0.0
Q7bAF6MrZ8wWfLsxaPl2Yw,88.0
_pO7Zltws0aPSKff0EQyqA,62.0
9gQyf3h7XK0lKJYLGcIYlA,7.0
Xg7Gt8vlSPxSypDQQSVsAA,304.0
zY_YAwo4On0aqOABS-1cBA,99.0
eGLnLiKt58jHNjGVw149Nw,12.0
Fu_MNxmXW0neptI-ShZRpw,3.0
UurE194rrdpdSllt0cVZxQ,0.0
f1aiuS43bRV1sqGTMlLRWQ,1.0
DiCfRiL3WX-vwkK85qrIjw,81.0
ykb78lXHMHjNFBPVOL5meQ,160.0
S8VRQCBrbZI04zjCOc1RAA,95.0
c1JoHp602zilpDU_57DsMg,344.0
de2E6-wKURd0RLJaq8mrTg,4.0
XBikK0GMqJTF5d_bI3VSkA,30.0
RcEKCs4v_gj2uN3YHcCkKw,2.0
Mq8QTBAR7r-vUL6C2JVkRA,11.0
CFBDAdWVxOhFFRTa5Fp30Q,2.0
CuEufX-q8wFuaPgHaAL-lQ,14.0
of4V8nfW7GwJ03tLDdrOlA,1049.0
D2mh7UebiiWJ1YYPLuXsyQ,0.0
YQ--LJ7pvjiDSqNv0TuKTQ,2433.0
w3oV0d-i7KHJqvS4hKxk5A,22.0
q8zJESZE4ywTGS2pEQIrGQ,0.0
IQFA3bvUnC-uEWHJFaxFHA,1.0
6tTv835MSguUBDpDtVRvMA,26.0
ogmjK0R0K9vpPTfhNKrXzg,915.0
xvWNuKzFoZTWpznbxYM1SA,19.0
jfIl1CYQSPTSJuANtGLZiA,15.0
s9KxZY47jt2FiDpNm9qI4A,0.0
ZwZmoaFB5oo-pkOMBeLZDA,3.0
ZkEapemTcLOFMBvV9J2iwQ,6.0
WQn2j45QmB7iX8C5YjZVCw,0.0
oto82J0DIvK1lyJf0j_yUA,38.0
JAAFhapjXHdxaLb8jxWwdQ,131.0
b207RNqIAhTd4JsRsnXB1Q,699.0
tpCALADHTuBaCJNgAluj2w,246.0
c3zYwxR1TcpeO2fugLTxEA,7.0
6zm33qiJAMtjMSXGlfIFKA,0.0
-bVpSr0gfct_Rka_AWZYAw,0.0
zMfZLd5_h5W8ZVxTNoeJyQ,462.0
tgFQN5Jo4T_70m6mS8i_Ag,0.0
iK9F_Xeg8ut9u2Ee1nVxlg,50.0
Q3ihaXT-akQN_2SKGhkw1Q,0.0
58sCCOPM4vS4yQCEwL1pjA,2.0
-OuTv9a9_MabQjyiZx2Stw,0.0
gofm05Jo-OYqjlxuD5BBDw,3.0
2-FFfBaAN2nZhcK-GBR75w,44.0
1ZgqJjtb91E9tOKhKrzsuw,343.0
CCNp1qS8n2gh51X7Wadabw,28.0
lag81XHoHW4abcjLNKYw0Q,1.0
mcXRNuN1MsgXYt8B2MWz2Q,22.0
-iBk1_3M_efQtY6Bcygp5w,1.0
oM6vBO0UEJB_uuOt9D0GSA,28.0
I3STZd5iAvUL9MNLF_DUug,1057.0
ISeb4rh50T02uADLTok9TA,13.0
SNc3-bV7preAPifzE4asNA,0.0
CJvN2k3gjR7JspTx21icTQ,269.0
4_yC0H9EVUFDmEj4sNaMiQ,4.0
FwDthqY_Iy0Up0cpTP0AKg,0.0
1OnZRj4yIo4szhapTFwj5w,16.0
DpfRApPrAle6WROX8_aQPA,342.0
I9Hzni6j2MJlBLXPtg-cCQ,10.0
G6_M3Dg-gjwVIbRGLIRBkw,0.0
y0TTPR0K5iB4oMkgVUH1ig,75.0
2oJqt8ZDyw0WapZ8Zc268Q,1.0
KWTv8elo9HiN9sIKvN0_bQ,3.0
ROeCBwuy5lfHUo8v0SMwSg,254.0
gutrT_mxAEtLA9hLRKJzZA,2.0
DYnFGGYU3SkrKT_G4djpYQ,1185.0
5MlgZwfmaegOL7_FJ3b7lA,14.0
rdecr4xz5BJEs7ZJW01H_w,1.0
kJtijhRR8fl4QIrj-oxf9g,5.0
prdA1r8XP03oD-PYvZJ5AA,505.0
xcKR6ctY4qtBh5Td-17vrg,0.0
aHuGV6FS0j8_1_p9vFeNuA,7.0
fMdnlYyN5EMhafyE3dGTFQ,0.0
KdQM64AQ5_ppgs6RolwJ4w,28.0
dazGlP4Rk4nxlyMtlvkpvA,36.0
5KAy9aeb4z2hSrPcMg3K0g,4.0
wt6SJHPEknFUWjn67_wKoQ,15.0
iN3SrF5NO0xSf6umeUws-Q,248.0
NszlQiLiHVCuT7LjAnlvnQ,0.0
N_ML37GOTOLtGKWqRnbJRA,22.0
k2b3niokS_tosjah_rzCPw,653.0
9hNuOUywLPHdSbAXtQ9DhQ,1.0
0C4b8LsgLuL7_DuPXE729A,1.0
w6WOclNdCBYgUQXGyNAYGw,2.0
XDYCIRENiT2doRZgwNJ3SA,381.0
HwV2hQr7fbpiG8wODWJQ1w,199.0
1Z5nhQhFNtc5bmzgeaxFAQ,688.0
Pez0F_KbTNquM5OuJVgnJQ,460.0
4jK6jBV8rzX0dhm6dYQl_Q,535.0
FMWWSFWp7o2J5IHqJJr7yg,21.0
IKl7CidsJ8b2Jm3BttkILQ,103.0
HkLoNKk2aYhuUKgKCNU0tw,34.0
T4svfBHgvKG5TTytlYzLbQ,7.0
ITMSrIHJfko9cyqeOdUwEQ,150.0
vZafOAECfChenbQjhlZQlA,13.0
0QBFtNNj9RIggZGeivcbEg,375.0
XqYmemYJ630xqBaOZDr1pw,9.0
u8xCk_KNQJ-mVzi0PTWMGA,1.0
htUK5uwiYlKB4coz8-b1XQ,2.0
aLZTOa5e2ON9mmDQcw6GtQ,9.0
pNSHrFBlwWgTY9es9sdEWA,5.0
J4h3IP8lYBW82gr2SGeV2A,0.0
oN_A87dyVD2FBk7coLnhCg,508.0
tvwDuDypJDl16icfZDpULg,679.0
l9eqiZXVxZInW0HexFBpfA,0.0
fOFkU3gc9ekFiP9FWRgYTA,1.0
fDpiXePaeKqbOfoxXxUKyw,8.0
URn9u7InvoqmvLHWSlKuoA,1.0
v2UKNMDqWN1UaWlK2Ugx2Q,16.0
eJFa1FVr6Qs2g2SPKHPjgA,7.0
XY5r7aptxnh-Q-OdVNk1mw,0.0
Y_n3ujz7sWZdIVJULZcZEw,0.0
OW8ZTM0Bd6R0BH6u-6Wkag,80.0
jIlk4NUkoShYJVqA0edEpA,40.0
Hgy5MrIKrwRJDXnwKaCpbA,184.0
yYMTMtguT90BfMJVxasFuw,209.0
zrMpy_uQ5_77YapMkp8lUA,16.0
KTQHeWmwLxDQEt7GN7n3pA,1.0
qCtjJp2tI-RyennIpfN6Wg,22.0
DeiDY5I2scn86glfEVj9Ow,130.0
T-0707ku9Ovt-Y8fLA2TrA,17.0
MSYpFcm5FAkQYLcY6tkOgw,94.0
8pLlsYgvrC5SJL1Con8FYw,40.0
5rWfJa_61-dMVstA_e9FHQ,0.0
jXBNc4tQTR1WtmDb6-GOQg,6.0
YjhD8yL8tEDV_9SCCF2Ulg,1.0
yk1H2EzzLE8XvIlPF_mRuA,409.0
kTOkG7nkc_mIEzGqyPoFlA,1.0
xcL8PNpRygalnejv0bp1-w,7.0
UmFty_GxdqVe35apYnmGbw,0.0
PjhIQJf2dbdLxgnFrAUaNw,79.0
Xrq-ZGqUCcJVpfK1AJqX3g,1.0
pJdPcHkqtaLF47pS0LxdYQ,208.0
leXt81sCi1dyH1RF7nT3ig,28.0
fOzVez6UBi9LPIcC8OJFew,0.0
ewhYqXL8jLrNpwQGnGIhyw,25.0
nl2nsBi9U3sW1R34nF0s0Q,64.0
dODimuyIJGIxER5uzX5WuQ,180.0
E7gXf8A6CyBIqc5twzgG_Q,17.0
Q91cYZDYdoUB6WeVB6U6Dg,19.0
qCOaN9Tussltr_CQlv3lQA,41.0
wHn5ekrhv_DsH2p3fjAung,295.0
L89gTBsMuEUzSex9Hcpdng,11.0
BthL-DpmauWs0-tDewBWug,4.0
dCX6CvWGn8oiPSD_yxrm0Q,36.0
iyorj-qjTu7rpLHvmx_EEg,1.0
_iySw-CXvA2wx0sn8pRiAA,213.0
pXqyJQISv5N_9Of5Nnfs6g,0.0
FivO5mGamklH4ID4bT5YXg,9.0
RUJymwuG7ICtEZpXLqJpUg,1.0
8guV6WfhUtASpNhNsd945g,288.0
lnG7zq5Vi8awdToyY-TDBQ,41.0
jPvn-C8kNUcyGfjUtOc_oA,81.0
JxKWfZ6hG8iRnK8QL65jTw,128.0
Ysd8pj0sZpfPq0xNQd8fXA,1.0
5li4Wxd__uYGrgB8_n_uzw,2.0
D9DYy_PX5u_tLEqaaRR2kA,25.0
qfcdMhm1Ff28JHVpHca20g,0.0
8DAPLb2_IIFGfD8ltw0NBQ,8.0
PtQsrkpKmRBVRmWjax6eKQ,0.0
Sh-XzCG2pZ59g85kjROciw,53.0
n0yMrpye4tLpmaTSzXRGuw,0.0
zUc67X2Tn8Xi1bJFvOX2fA,39.0
heCkOHO1xrV5mllpPKTuxg,2.0
k09vTg5nRsyABM1MIjcKAg,4.0
D4tn-pcvuK8lkv8CidmQig,6.0
OsicKntF7sTdQiYU_AcNEA,4.0
HXCCITejNvcqtjNQRHnMPw,12.0
7Nz4kTghhicjsR23GYMlLg,26.0
h-Oq86DZfZad9kKXe8m7Lg,401.0
lMxgLp7dPXf4-xiWLwd3WQ,45.0
QI7XeQ11U4D-A5uRcah5Iw,0.0
HTZ5flpShCjnNA5XdtAVhQ,0.0
auDjameQ8PKA2cIwyI5uQA,23.0
ZZbaD-DKkILA_FvliElciw,4.0
HKoPaMZc1iG8XYzYRhwBKw,2.0
AwmLDzqJ0aMGZTYYoZnxWg,48.0
7yQMwsuV_8rV-EchuvCG5g,0.0
1e6Xtmd4BetTnsoRCK3J5g,300.0
hmRR9whRtnbV5LyIC3Bxrg,0.0
YGBSiJQuQihb8bqa1vFcng,10.0
ID5wWJ9C7G0hfbQilvlfxA,1122.0
VKmt_G2KSkAAFLRWyiGK2w,4.0
qCq3JGKYMFq4dqFjtuF7DQ,0.0
8shxmij5d2IjGLI_1riVUw,32.0
S9CrHJJnns3cqdGca7mQWQ,23.0
dHmLezNmX-VW8_Hfryv5tA,2.0
bCp4qpBzL_chlJtHbiVF5Q,3.0
Lfauu60pCWaQ2nuGCgW_eQ,0.0
FKL48E_EweGcnjydK0KKdA,363.0
qUjmBRkodunHj1Vzeh6PQg,138.0
OTkJUl-RyZ7eMi43spg5-g,61.0
pwcxRdU_8xUVfhKlXsDHyg,7.0
MGbZXur_FkGFBT15O9SFLQ,5.0
ViFDeMpfxe0EdIgOhX48Kw,0.0
87Kp5zOGDx-lUk5DApZwhQ,5.0
juMGlVODD52yam7hCE5P7Q,8.0
EV6EWk4rc9XUIGQDj5YElA,225.0
jppxrDQLXr4Nk8cV7IGlcw,160.0
1SJiW_mW6IlEe7hqMTnjYg,0.0
6oyUUtgIqBEnMnB9B7-O7A,5.0
dYMUgI8lJbBzfuzQWH85bg,228.0
oNlsiPYrawa9DxFO9TioYw,37.0
OqWYJ_GYHnJFpple7dUBrQ,0.0
vMyeUHW3QxbXD4_KxmwduA,6.0
twrgw3ZaMEiS87sN5ahuuw,91.0
IhBiHpjqJP01qX1dCxG9-A,191.0
UT6L3b7Zll_nvRidijiDSA,1438.0
3GEEy7RP6e4bT4LAiWFMFQ,7252.0
4KYnY1nNTaD7vb3Eo1G3Hw,1.0
zHqydarL53YWMjuC0UglSA,0.0
ujfIrNpNM9D020nPL4znRQ,3.0
TLr_AFOnq4TK_qNGRQzloQ,0.0
6ijZO9TWdl6lTLqe5G5XWA,0.0
UzCZyYj511zKERJEpEk7-w,0.0
kNij6LlC65nxugxAJyEGVw,3.0
wuze9cv8NS72Tt44yawjkA,0.0
y6Fmhz2CceimbgvxNVgE-w,52.0
sYDc1TENwCKLHvprBa5rLw,14.0
7CD4qTysNB-lis85QFS8Tg,1.0
U1UeoJPMgfQLROLsOc376g,237.0
q2sh3hHMs9RsEoWBo4CGEQ,26.0
wPbR3K8eiLWmDJvQdaHEXA,6.0
c_5MMZaYFmLgrbSg6YI42g,28.0
XkzxCrgCVXAfOJB1Ks7LCg,0.0
3f2dKT9PgLipoNi6vebnDQ,1.0
9pvJiPUzB5JTqhNTloKjvA,171.0
dRb2Xq8jorJV6tDCgmaQUg,0.0
GcOSwe8tNvWfRH-gp2UQYQ,14.0
dxSIx7nnSJNoSt01llArAQ,3.0
ZH2ogtJUdxx4XAabbJMg5g,126.0
zBlh5vP_qkSNR5Cc6lWG4w,2.0
bxLmrsMdjAyz8QEqWml1CA,1.0
9aE3x2J3zNVhfn9QO_2fRw,55.0
1kUjJHO_Kwthd7jCDozuYg,0.0
7DBu4i4sN9I8HWS3YaxArA,1.0
VcJUwtuimI07KQwOc1wEcQ,5.0
t_YLVHvWU7OB223l82U9KQ,0.0
ajtE6Dvg2nGvuMvtEdDl3w,0.0
pEzLtBG0AaaYaFxphG45cA,3.0
4a0gxD-ckZcwNd-hekV_ww,0.0
XfHUMPMSiVHqQ9-u2ZisLg,0.0
gg1Qw0HhF47DCRth8jUY0A,37.0
Pg-KfFD3GcWDtJv5J3yvmw,44.0
0HSY1jGtyFuETZwaJN6rQQ,0.0
LhU-XsZ2YObJnP-5uiMIjA,3.0
bsbU2Pk-aacIULmRDU8y_Q,14.0
bffQssCZ-KpA_PPIu6Vysg,5.0
6qKjl6xJQzLb9ka-QbTudA,417.0
FyfltLZgG67QS6i2jv2JoA,4.0
v-RQugtZbhnINBqrIZ9l9A,2.0
Pdf3z2H5a9YHq0Slcv9KgQ,25.0
E97gApcDWnP0lH8D4rrAlg,8.0
rS0ReiIhmugq3UcK_7aGAQ,2.0
_ek_DoAnoHtpwaBwaIFr4Q,1.0
NRsZyuOZlwgbGz7S13ralg,11.0
xCe5FZT4yqbSSumxOyJsFw,0.0
S1t1kRnoiB1j3u7bRkjlvA,230.0
ri1zdmUyuVxouWwSmSFDCw,6.0
kQabQnNavQ7FgfyuXf8Niw,37.0
Nut3ob6m58of2curSbrFWQ,106.0
g4tIZtQ9jmHelwYMz_6K5g,301.0
oDuilCKr--xMW7RTIHk-cQ,660.0
QSfhaQD4sJ18oVwnwae4Kg,46.0
rrysQBMgpCqhDZuM34vvwg,7.0
GqlcI-T5pK17Q932PimsAg,567.0
sSbhLkw1B58zLeUtv5lpaQ,1.0
25PtpM0IfG_2IIQWCj-n5Q,10.0
Qus1EKJhd0Mi-BnnEeuv5Q,6.0
Mx8NzQJYOCA74eO3Jveknw,10.0
t5vvlSgoeHF9uY6VkokmSg,43.0
4qiD9hcUiY4AfCBBqpMYeQ,33.0
apATPHcdiWr-Tgywu6mvHg,62.0
USYuX1n1ySv5kd3Fjs-efw,2.0
PvAOQjUxoWlWqNbiO2tthQ,8.0
zesysZuscMHxBl9uIQXIIw,0.0
SjmwP-IY0d4uMs295TyE-Q,0.0
B89xU39A243rNNoQpcCKYA,388.0
3IwCop28R1_L5jMv6AkL8Q,393.0
fJmg_GwsLMXXS26zKTITiQ,5.0
DNvlDfZ399DMTNejbT9C-A,47.0
Co67pxBtjvUlsWfgo9gYrA,45.0
4AgSOPmhRfPcC-NctjiszQ,10.0
q6Wa5iJwcuBxMpI2kZXUAQ,136.0
33YHwHgIGDSg2wot59a_-Q,122.0
Q8C2K0zcfo0cNGgXY50GEQ,118.0
I5kKpCDxdrV1Lxss2T681g,0.0
Eufhdwi954UY-9MsdHjJKQ,5.0
OwOMoh48nxjIgPkGU9RxGQ,37.0
h9ReOyMihmTLg3Z5HbapTQ,31.0
8CHEdFOUFlf1qtLWQhxpyA,64.0
t7qvPH0G30w6xX5Q4lf8Jw,84.0
j4zRUehhRT0atvDzcgsx2g,1.0
QVHKpXJ3fRNMvin0Yvb4Yw,9.0
Jd7pyrfNdffLM5nMcP4IPg,11.0
WuiX9mOytF_8TXrR4ERQJw,0.0
2_jWcWOew5DA6wR7_eH36Q,15.0
ziTL7YYUZykEWzGEvO5Gsw,24.0
1ZJz840L496LAmQdeDv0WA,966.0
JZEw18_OhSzFj0IfXF6v6Q,1.0
oWHZtv98YyKvSennjtBuAA,427.0
n1fqRrQnURF1WWnDiDwJlQ,2.0
ky5L-EfUwU9chSPcIeXM5w,125.0
92rhxx9s3s5_vNkJbRjVNw,0.0
0FPlueS5F6l5xIf8Zw8iEQ,6.0
Dfbg3m2ce1VUzJ5i6Z7IuA,106.0
815I4_qtNd9Whd5joLZhAQ,1.0
oOnDAWgSJSaSB5Y13xEYwA,4.0
CeuTRtwsq6w5rztGOyNMPg,2.0
tNP02RaH2XAMs91fj8d-og,218.0
N9qLVYXE0HzYRE3C0TnzlQ,585.0
Kg2Cg-ZL56o2oU2GbylX5g,0.0
BQJokxJ4y4s57i7Mn65pvA,328.0
khSsfe3MUunPsJowDEuFvg,1.0
I6IOs1NVUf3d2OQB4TyKSw,0.0
46P5yEu3aurgJ9IiGGloVQ,11.0
-RdenSl5COgnPqaANI3kCQ,2.0
X02YNLa3Iofzwv5Le6QeYQ,1.0
cF_T4xeWO8BWin_6s93lEA,12.0
iO5i5ZT5HHUoDtQr0hD-FQ,158.0
ETTzxqOcPuxMqV37y1uhdg,167.0
Kx0MUrNQ737s-VVElk6Vig,68.0
q3kk9PciPb6LpwurlE9eVg,509.0
fasduK6l1bu2ngRSLDNkIw,5.0
hU7z5Jtl57RIODS0hPg9Ug,107.0
_iUq8i7GmSXDOsuM0UiQCg,260.0
KbhrsTQEea2RF_94YWnBdQ,48.0
Veb_YSP2PL3xGbu9JJVuOA,1.0
T-KniGykrZ46ZC9plOTspw,1008.0
u_8cVZyxh0J468zEZUjNDQ,692.0
FFolUMaFqs8vdu9ybE4-IA,100.0
FVgHb9w4pnkRBV5bZYJaZA,11.0
-8ILwSisSrTzcyy_Z0o9oA,20.0
J2LJ1IuLOj_BYyP8lUa7iA,150.0
J7KlrDFrriWoRkIUVNRPbg,257.0
sHPrepHE7L4sV5Dd3SovSg,8.0
2s2ww6WaulfOEI16s1uyDg,2021.0
hfkejQMg2lbBuWo_AP-I3A,25.0
-LiVt5oFhC-AA4nCH77DjQ,0.0
BU67sB_pedm_QsNhISvYIQ,1.0
_BCwZIK6GYht9cM-HGLduQ,2.0
fIpGcpjBnyiILi8M2wJSUw,2.0
S_VE4sLb8Tu59VYIgwc5Sw,5.0
Xp6ogw-SCNK28s1I0fhUXw,1.0
Auky7_gMsUdB91V0EAgbhA,148.0
qL9CBB9lwY0ftdUcqVMUgw,80.0
wn42xn0SUdKfbdjUJabL-A,120.0
wp6mYtftUQASEJcBXp2nVw,0.0
wqqpciqva5yN-c72SmvaOw,3.0
MLwVTDhM2DOESvKGcfKCsg,27.0
BIWDzxxfly7DNYBER4kqpQ,0.0
7ge2DIxgQAl20_wr4yUgsA,337.0
TywR-VhheOAi0kGlKwclpg,48.0
4CE_jyoNwSYkorer13G5OQ,54.0
V5K2K2U0JaBL5UPaZYJkSQ,10.0
TkN0yt3iWVbP4OdjsYchkg,11.0
oHeiAs-mnDJU1_4BD8_5Dg,74.0
TNvSywzPjr0GU71CfIVbrQ,0.0
4LCevRnZVQqRmA148M8HEw,0.0
ObV7olsEsNYjuMGNJ75jNw,3.0
nYpxA8exNB1VPuM7XYS7fg,269.0
OWMCp8jmbjouogxcKarQFg,20.0
HaOvuZUzCLbObQfT8H44fw,24.0
66EYUS3iichq-Gn6KjgX2A,8.0
RP3MFwBjZV7SLFKvh4Ipeg,0.0
1FqQ0L--8sviAKNR97K5UA,0.0
7phGRr7Z36IrET7zDKD3Pg,5.0
hiFFgsW_Lu9nQ--Wa2Okhg,0.0
FZDcm4f7aOvYK7aD7aBtvA,0.0
zfiSQ1dl3vTJ-og96eqXGA,98.0
pGwfOqNEL8FbMUFspJdAMA,88.0
JlNeaOymdVbE6_bubqjohg,142.0
WK0uzfMvBVRtZY5--12d5g,5.0
OIrYGca3yQdxEZQR2yhj3w,11.0
BmyRJmbVm4jGlkXg4ncLJQ,13.0
ZsnSiQY8c0bzyx7RfVrEKw,64.0
b7BOeCJ-W4Y-kKVGziDjQw,11.0
Kbidfh24_7-a380tovQeYA,1.0
dFyaVVHLcfNE98-NMftL7w,0.0
7gIK3en6jVyiColBvlHNPA,2.0
YSHLvvIOg5w7ON396yNmVA,9.0
75u8X_saAIETRHgpECi8YA,327.0
R3oY1XsFcagS0UEEJQjANA,3.0
XX5DlErcTQ8qNb_seI_oBw,50.0
Tnia3DIsEgc8nVPNnTRj7Q,0.0
UN_48kF4j4jjHQXLbQhaZw,0.0
kHsxuM7B2ZS8dtJIaTnUSQ,13.0
6zjv75DW7a_XkYiBBb3S7A,0.0
UOJzdIik4wgcy5N96RWtiQ,0.0
MedWQ7ljpXnfyNnXPZaBmA,52.0
7re6iyJY2v4Zb3x3hJnkaA,4.0
aUb0maIrZ-rdnvod1r7Umg,0.0
kS_xANADJil_EGX6gmMa5A,0.0
qjO0FtFXalKSVZLVq-XewQ,73.0
vW1P-SytRsF20a3ka9mBtw,13.0
EVVlOSnyb252v0hXYuDJ_w,0.0
HemrOHFWRHP5e6YFftHyGA,0.0
oGYXSVs0ympLy0ur8Qnp7g,89.0
jHIJ0hfy5USIWvcdynzrFQ,345.0
CDcSrKLFJTjdtXFOAcWt4w,0.0
FLHTWU3KVMz7qSH4yYsKPA,0.0
Hg7A3RVz_J7PHGmEqPOsxA,1.0
fyFmamI9xY0_OOgH6tO3pg,16.0
R6cWq0FkVfV_Ee-YttlPyA,83.0
QOmojzu24dTI2coPjOtu2Q,12.0
7v-2HkyrfYkPf471v4gCmg,18.0
pGjtxXBq4tZcdKdgTU-Tww,15.0
bMrYaaAy62ppdS09na0RgQ,260.0
mFGUvyJSdSRjIaN94QW_IQ,117.0
JE5tkxtE2E-iOQ9RR_Ysfg,0.0
IghwtXL8ZgK2dEL62Pzhrw,38.0
slJ1gePNlmv3tljLJ5d0-A,4.0
T113Acwqk_ru7Uvi41pruQ,0.0
poOnGeQlHEnWRAH9t_0KMg,57.0
Rqfxz80m6ysgmp8JMeiThA,0.0
c79drEBxcX3LsiK6AFgGew,7.0
iBPSrhDr7IlfMywxCIp-wA,107.0
gMz1bfOjtq8B6mWMTtaW9g,22.0
oWxiT2PasutHFyZp8Yh2mA,131.0
IQ3wDfQYvE7B5Dsq7NArjQ,11.0
ywtDqnrLeWzG7Q-9ORmSsA,41.0
PxANrd2dLItNNSAWyiQTjQ,30.0
uI2lQHqS1Pkh1-EzgeD-ww,1.0
bQEy8J4a1mWyuPIuiIzBMg,9.0
tLCZdAt83gvD6Me_Vshu1w,22.0
jI0B7zaALNKge6eFma3M2Q,43.0
i1QGBziAXxEWlofIe4gv1Q,91.0
4X4a-TJnivv8YtK1YGxcQQ,57.0
HSu5vcs6dkTG6rwYrmHtSg,16.0
twJ3I6X_KFpMT7mVjtknsw,4.0
wjf1uZNr6E4LQ0nUNHX5AA,15.0
_82041xhXs6-_WWT82BA8Q,2.0
x3LoVFuzVIPK_J-kDZORdg,68.0
s6L6SdVYhPcOQEDmNIg1-g,13.0
eSFGdCMFVQYx-tZKrGMPMw,885.0
cFnumFhvgt_48p9v_EGl7g,276.0
vK8_0DjWQ4WXUxCgsn7yBg,63.0
BXidyfEJE724CEzNSiigQQ,6.0
Cr6Q5CAyezx7ivz2UsaghA,92.0
9ULcHyUTN1O16Vr8KUMQew,16.0
NxK9QTPyjeG2vjs2yODh7Q,0.0
P2k7NTTO51LvocZUkvkMhg,0.0
Z1yvzAbs4fGC28s7WtUonA,83.0
9Ii0ZUKw0zAus-AnI00xLw,6.0
ZwkKYbwAwp9oc97FhrpQPg,301.0
k-3nsmnnq4cnUutgOVEjaQ,0.0
adan4r7tHmO0qprpiLrCLg,12.0
RWIavDLPCkzyP_ZpkeGtcA,1.0
NUysdAcJLlTJOjW_1AETyw,4.0
9HG09ZNqzrEUz-ipSTRkKA,0.0
3qlqzQrwh8hjBltlgFgsJQ,1079.0
VBVqHnViRLSYAqP7v8iNNQ,199.0
Lknr71asiqMW2mebCk7PlQ,32.0
n6u8lDrWBYkis8EQTwgOyA,153.0
yAelNGIWxBlUyhgOaetU-w,55.0
Lh2Ar375QiUg7Px-LDiYGw,2.0
2PnRXLAN3KFEu4g0OUL2iw,340.0
BJeHWkccQRXZKKyBcauenA,0.0
HJEaoW2OUTeZuQcygYUpqQ,1.0
UZDoRmJzWquqy7jstth1FA,1.0
IPyrraIafBs8afeVMGmfCQ,5.0
0vJmCY2P5rc37jSMz7Nz3Q,0.0
H_MkLtYcqG_GpwWkb06oHw,23.0
VH2BjFjc9usDquDgoHhptA,461.0
WB_lzC2LExQAgV6JmZWyuQ,4.0
ll9PWPSzuHudE8J1BT1G2A,7.0
gURBE4EKkytlOMuIqJHG8Q,0.0
sVM1qJD7w1ld1-sSDo4suQ,0.0
fCq3AVUzWDarScN020AcjQ,340.0
8fB3OodPzYuagvnEWzULeA,0.0
7tAVbCxJC0HJRf9TsozzYw,0.0
6J89kFOcOOX1tuphLc93DA,0.0
153QMny_1adtMtsf6MP95A,16.0
lYCeqldIiOggsbByH3RRhw,2.0
c0F2t2j9MJ2gUBUPky-dqw,163.0
PmQqj0wAnraXPuPSZCzEZQ,22.0
34PMhyoSQHVd4Lr7slzUcA,103.0
92lt0pzWl8RRZiPCikDUpA,49.0
GH5gbLHw05toW6ePNIUzTw,2.0
tMkLVD60GqCgQ392GWPHIA,3.0
3pGA9YGsDLRQ7HJLw5cwcQ,284.0
3SHE1cy1vpI7ts07g-Oxkg,2.0
A5Xd85djipsW546Bq6qIYA,7.0
BMAflH82OUIMl2mHtP0MNQ,74.0
vUJhUVmRMn9T4gsmz-L_Yg,6.0
KsvJoqJ4aRqv0XYoNdbXXw,0.0
B7Jdkws1iJ6P-G56MeLTHg,0.0
kzCG-KC3YVrQs7l-0d0b1w,2.0
mI2GqBeadATqOkLPhDNOfQ,0.0
_HVZ1V8IDa49MWdejx9BbA,9.0
5KgZD0CDNpUjbdV7OjUuXA,19.0
GGBMDHJGwkuVrkYcedJpmg,0.0
CZzRtq0HQKwbBaJJi-Xpnw,1.0
dQsKVABQ750EIIoqWMSy8A,1.0
odYdARplahqW4XbXU4drKg,1.0
MN5XcZlBtkI8exdIB7RQVQ,1.0
tVrKuh92l1eGK2fXsGYzaA,174.0
f0ELDvCsvHaWwxGodOd8Sw,1.0
NYRkbIL7yL7o75-MjhbgWw,0.0
HyoPFfBHLK0lKVHWEdFpvQ,0.0
y6QP5IrOJ7_FsB51jN2_Jg,1125.0
9li2xKBUybR_7JGiCwo6Gg,0.0
nRneXPAFRMc9x8DrpgF3Yw,1.0
ak-f8IV0ZdDeI4oYnjA1Pw,480.0
5KWJZHhG88echvquDBu4iw,12.0
SeMczUVuKhVwruoJfrThtQ,0.0
i7CzT5ncBc7Pgt1R6quOqg,1.0
aTvmLm3YfTs_L290fEolEw,102.0
k_BaE5Mxos5mdp_YNQXyuw,13.0
PndkxtLCDv69LBE5Ay8Mwg,46.0
lyTIuSgPdyRMx3l7xPzl3A,3.0
QVSYsRNfggg4WGOn9TtBzA,49.0
G7xS3HiTKHnRhI8cNRGXpA,686.0
jhP9rUsV-KvgHu1n--7Q3w,1.0
fM-29EyHcLXBrYyzNKNRvg,1.0
vBJ3qJi2Hk_OyYV_FkqCtw,3.0
T2_XXa8XwI0H4XLguw0FzA,0.0
p-w6g8cuQq5PU_4U1XNCzQ,241.0
FTo64sohiSRBRM9e9NzeAQ,10.0
hcryG9RkmK9oCELYLHukiQ,0.0
QxtvTC-i4kX1raUXCuaxbg,0.0
A-OvzL1cssAoFQ-TMRUpBQ,7.0
ennFew0_Sy91zqm3HPmO_w,19.0
XuxKpCqnjpW_VPxSho4djQ,0.0
tVVFXukrk_rzLhv00jhKDQ,310.0
of-a3UqUN5iz-ttBf0knig,1.0
wKsqOTkmXIPzrJaPz6uBNg,0.0
EVCLVY5Jazha-XXDwQavqw,0.0
uZkysgjMeC3UO03cPyBD2g,234.0
HuzhmzDHcI66G17449rPAg,2.0
yP1TBPIe1iRFzdKFJUTUsw,51.0
5W37Wy6f4kptoHAU0KX7yg,31.0
_ucDskZqK5w1QHkoA_nlRw,81.0
ocXPQsWEpC0KF6tZezEBpA,10.0
3oMcNguqRNMxsb_j0Vdqsw,12.0
4PqqRa7o_eNydKdGWYdIog,65.0
qnRgJHG37kXOLEtf3S96ag,11.0
knzoe3kCaoh4gkGwA3l6Aw,2.0
Xd6yHhyFYgHzth0ou2FtkQ,97.0
7os-CT7QI8P_sy1QKwhzjg,5.0
9fTDeI6mApFX52qYJ8z0mw,2937.0
z5KWNSDvgv-4I62P8l8Ynw,401.0
eicZdoUohtKsmB0KChbPxg,20.0
VONg0lyHm7fUdARWjkkjCQ,18.0
_bpNAXZqG28e8XplS1wbpw,0.0
w2JE_M1ZUHya98S35AIEpw,1.0
joTw5858fDh3Y_rF0NDOsg,142.0
4NHVQFUBd1ppRPpKIBqn6A,1.0
wwEg_6bHfTrOpn_bygIQZg,1.0
P7tnvgfHFCretdRxIEwbPw,0.0
5Qv-WjKI-AqF4rLosnWwLA,23.0
PepLYiTk-2j6Nb8JFVT9gQ,0.0
BWrdSeWCWKVQQGnJC2oyrQ,70.0
lENkF6Cgd9WzUDBcuZcAPA,246.0
E3zvCzX7gquT9srY4pUwLg,6.0
fP4sMlVw_MvyGNv4xeTGDA,386.0
7vXmhdqO6aAoZGEVyusk0w,7.0
2TZl160uaMAg1cr8KFbk8Q,0.0
QXpNsm8A8G86Vu5ECo1MgA,32.0
4g3IsMpBLReHDA5JatpPzw,43.0
4XEIN-KPGAMugwJdhgjfGQ,0.0
ZGpT6rcgSsJ4GxwTHbvvJw,16.0
_Aqmo8Q0a6Hxx6AloBUhTw,2.0
aU3MBJ3Cq5yip6JTyJi7KQ,2.0
wOmtCPiB-xeU-HknjTW4hQ,5.0
5K3XBVfTIGf9E4vrc9UBNA,0.0
ozjrEhW6G8gCPXGugcIAEg,24.0
_QkGfsQaQbuyUf-hy_2muw,0.0
mrjhrTycW0iLumjMZCfrzw,8.0
x8-MzrVwJCwzqoACL21AJw,0.0
jeOll8b1paa_9JDyOi-kXw,3.0
MQEpDvkdL39hh1N0We3Vaw,738.0
JJzAOl3kQLfhOzB_vjf3FQ,3.0
YcGHCoSkl2PLKsHQCiu0HA,6.0
5FD6PHDsuu93TGXhzWqrKw,0.0
XPtSqUo2HGCmp9Fq2Amnkw,23.0
me17NOULVwu40AdKGYHIaQ,56.0
1VQJyXwDakcHa-RZUCUe9w,57.0
ZrUal0AEUT-_2etHH-9cfA,43.0
qd6bzLnddkogYbVj7SfcBg,9.0
4Qr01ALyMyV-ZwHrP2purg,69.0
Cd3InBI7yCeXjf6xKv4jbA,4.0
LRHlcXcNERVsekrngMLphA,1.0
5TFiZOGlhyYdZ5U67QWReA,122.0
m-xsH8VkcYtTTvp2Fa6Ajw,619.0
pG90UZcF21ZYvXQbDdkkLg,13.0
Cl-xl1vTUwHeaGgBxzdTRA,64.0
D74O-i-iEWo-e5BpwFMcUA,84.0
AyNI6G0w3o51zp0tucE12A,15.0
83cVpTJNyzv9lJ20vzBgdg,51.0
333W59XcrXZsJlnBAAx5mQ,156.0
GG9VcABDC1hDFnjVi6q5Fw,365.0
I6pcjUH1IZSaCLDb5C8jrQ,1.0
G3pcVtRukZM2oKiLeNiUUA,4.0
9wNrqTeoEepFSbFu4QLuUQ,1.0
N8uKQ5Vdb1LAh-qXT_25Rg,809.0
EjBz4Lx_dg-_gwQQJMzKtA,0.0
Y-oPVMkxgEsve1sG2iDLXA,73.0
sh69ApUyPhAltAMpv5vX3w,9.0
LTF14u6dfIyJQ41P-FooiA,0.0
1Z6YrdtjD6hNzZRYpuNEsA,9.0
IO0r61EIoVjzqkUrJMegRA,1.0
rydwhaJPcQhxHlHO0PMZMQ,5.0
f-AGHqaxJvfiuP7aHwmjhA,6.0
cbOsasex5EmQEy554-Fz0Q,1.0
lORlFMAvKJKBaWefOfUrEg,0.0
m9x3lP68vCe9EOB7EcA1lg,1.0
oE6gKgUfMd74m77d6hG9qg,34.0
mss-LiOfL1vtoNo3WoEoJw,47.0
0lpT5sj09vUfDp5zUBwjIw,14.0
lbo8gncBXedeeogWD1JDag,0.0
kJc7XtQXYit7WNV8m4YDGA,0.0
n0bg7kf6HcpFchCtxJyc5A,115.0
VqX3HPsZxuxsPKaQIU3Ehw,2.0
CrwL7Y-jdzno4mmV7CN67A,20.0
xhVxf5HSlCAqpyG8OuNptg,366.0
rVZfapnQgyVLsNWA583u-A,29.0
8USUyIeN39rurnqCn5cA0w,20.0
UHrr3z6DEPvJbLX9uQXVtg,0.0
z_RTK0MaxaRHRQ99hDL2QA,4.0
g0rTFoLeIR9-xj9bOUWQDQ,77.0
3tTCNu7VybuQyz7xuaFmTw,2.0
fuW-VCynECpKukrm-9nxdg,176.0
6v44nmxUeIKqecQsZXgBYg,2.0
hSyAdVKS9mttVVxMpEQRBQ,29.0
QcyCiiyGZjVbx0X2_Dc4Cw,0.0
mosTQJDkiVlkwtI0Hgp4Vg,4.0
OHuo-yqHdtJMAnkNLyp34g,0.0
5WhDd9MnacntXYURmvgMZA,1.0
Q6C3rSvnCfNO36kNgTAq8g,55.0
3bZXoLpjE5nqKk-m8ikgrw,29.0
b9X37xeaq21etN5Co__ooA,3.0
d3FAxA8Su34pGHjaIcl5lw,0.0
JSUmoa3hFNfoDYLbYNNLOQ,3.0
rLN-jsC7_SfQkxDEMeDBwg,2.0
QXR-YnHgV0qDyuUTckYeGw,0.0
TrZVtAQivYyGDOQH46_aFA,6.0
OwMvIRdt3OVzuiQdaT-dbQ,0.0
PvtAsnMf-oeNmkvdwRmEpw,0.0
xpSDcwyIhkSz4fhwmV2Wdw,0.0
gg0zeYKlmvk_rScipyOyKw,8.0
NOfbzTpQ7hrt6ZbJVeXUUw,171.0
8vqAiSXLuBcQc38pbfE0Xw,38.0
kxiDclm1rSAH0yvznmYtlw,12.0
5ZqybrqiTdbANn2yI3B3VA,0.0
z65wZ11iw7Y-WBZ9UDZhnA,1.0
ZhBW2MIMtUhfLIbjy9ylHg,24.0
yWBus94VvCyXYNuXpoEpCg,3.0
xZBf_qjieaXnq1uv05Fkcw,0.0
44vEjV59_w0cm_Lhyif3bQ,75.0
rOHLBGBcWzlxdvNI6squgQ,19.0
ws247aEo3PAqR9FfxyIvNA,8.0
-Tv5UZeFHdKz3RM9vOYpaw,0.0
xlXwxfiUD4bgJFKUYwkzOg,881.0
7pkiQvVfcsa-wtBEeNHHUg,37.0
mXA3MeNsPYkmZBaOyh3qfg,7.0
h9pEt23IAyjBtUaYA9v46A,1.0
jslGoWrJQtpC1UgEve0YgA,13.0
SHlfx41Mo4dk2WR1VyT2_Q,46.0
bAdwf-n52f46-ZjlfJ1Hwg,1.0
10ELp0f3kgGfXPQNQq77ew,3.0
F5arCcVW_mjFWbgJbWYO-Q,31.0
tohaej7f3nw-WsFT30l1NQ,42.0
bLRjPq9-pAdXirAWWTuZzg,4.0
IUv-dRWHyds6ncxqVcxpGQ,16.0
3dC3opMY67zrquz_yYc-tw,17.0
7wP8ESOchbpzET2Li4H6UQ,0.0
CtZ3HujCLTChyoad_L-nHA,321.0
9wCP-MP2B1Yi7EzsM0H0ew,0.0
J2yHV9KNwBHD7bnGMANCpw,0.0
rQd-wVQIQ1t7gPqoH9_Gvw,0.0
2-_HV0XUYK64OylB5J4i6A,26.0
rIeXMt92PLNjZbemWKRXcA,99.0
VVvyHt--TrrK0bnHBf91_g,22.0
i_pI9XnOgJ93cq85Ot06OQ,17.0
Y_OZeUkmUfb37i3fqm5WOg,4.0
IT9ckwTnBWxOYCSr49uUlQ,6.0
sXCquNdRuCF7vrHwXXdFHw,41.0
Z9dAOKg6d-mvcMw8uHilmw,37.0
sj-0d748hFyfzskL9-57dg,2.0
TdoLDxiqDKbk_lmni5nu6A,6.0
I25YFbDL16lVcutPMNIlHA,1.0
m-tOkwXdW0r4u_NG8w_ZXA,5.0
2sjfncn3GNHpKZDAcsm1Uw,0.0
3GKCKWw4O6JmM4HejYEQcg,0.0
2xbxXWeu3tpZEJdGTTGbLg,1.0
D8qUkxB9IpT8IhnZV23auQ,0.0
H6W6detG0U5-QYGs5MItyw,23.0
ZdqiRrUik1GWAcMWb2iBdw,19.0
9VEJkUd0eHIlKmCu0flvBw,0.0
UOo1gVPvikk6UjRhet8GxQ,2.0
PCugqia4CsE9krMJyJ8UXw,0.0
dRib7YK9Mtqgvfqsf-PKrw,7.0
zUbqJk1KtbMnStiMfrMegA,13.0
alWRFbDdU3_F1c2C4nG2dw,0.0
N-tpz2XtAPreL5wnFjKGwA,2.0
6WDDksGLLehfQDIvQXzR5w,30.0
A01Cx_Acpcqx-Tj_9wQhEw,1.0
6XpqswYWoSOx0a9MkosVRA,18.0
4vVjnXcFzuzuOEcmiTBfEA,3.0
c_xCs0pCLZVM6ImvqXEFPA,2.0
EZRl9nOwcaED93NnFakvHw,12.0
V0GryzKJfygQOK-n8Hw5Mw,0.0
xSZQa9ez44TJ0tiVHSY1Mw,2.0
F06m2yQSPHIrb1IT7heYeQ,20.0
kWItkhjHRuzfC11CP1E0ZQ,2.0
fwZzpkSH4ZOJGzDzI2rSaQ,1.0
PF6IipxqHx0i2cFBAraXPw,9.0
4igB1WaE8BcmiVzUgoIWfQ,0.0
ERZua_xpyvHBnChITstpFg,1.0
MFgm3Hc-348wR9xfKP_Zdw,0.0
izBGqKv8licboxHllk0iNg,9.0
5c_z8Noe46-p1k-WpXbOmw,0.0
4rrQkEKSiJtwMzb5L9zDlA,0.0
sjiTzC2aoy13iPuIvk37Ew,0.0
LgTBbuKTSm4qKHEmFAEJmA,0.0
3gkqdLgL1Ca0hy1YRsA2Gw,0.0
z1YeIS9NaMCqEupKRfA2Gw,0.0
-H1-IzxW6CXmjhmF5F6iMA,0.0
h8XdexOcJlfLOwXIDtyalg,1.0
hRdY34ij49RdPKTpol4O6w,1.0
vtj3lt38T9Icu_RXHAQ__w,0.0
g384tK63QxXXm3UNhtGMuA,0.0
9umA26_aWjEuVe4QW7axtw,0.0
